BMPs,Cost,P_LB,N_LB,P_UB,N_UB
BMP26_1,11932800.0,7.75,10.4,7.75,10.4
BMP27_1,328152000.0,27.23,25.82,27.23,25.82
BMP28_1,161092800.0,75.51,30.55,75.51,30.55
BMP29_1,149160000.0,77.91,37.34,77.91,37.34
BMP30_1,89496000.0,59.04,12.2,59.04,12.2
BMP31_1,149160000.0,30.31,29.99,30.31,29.99
BMP32_1,149160000.0,58.71,12.11,58.71,12.11
BMP33_1,29832000.0,10.1,9.99,10.1,9.99
BMP34_1,208824000.0,63.95,20.98,63.95,20.98
BMP26_2,11197296.0,6.738069589610893,8.09183046751617,6.738069589610893,8.09183046751617
BMP27_2,307925640.0,23.674533538723175,20.089525256852646,23.674533538723175,20.089525256852646
BMP28_2,151163496.0,65.65053351116369,23.76975199832875,65.65053351116369,23.76975199832875
BMP29_2,139966200.0,67.7371615131077,29.052783620870557,67.7371615131077,29.052783620870557
BMP30_2,83979720.0,51.33104884782285,9.492339586893968,51.33104884782285,9.492339586893968
BMP31_2,139966200.0,26.352372807884663,23.334038050077876,26.352372807884663,23.334038050077876
BMP32_2,139966200.0,51.044137497555546,9.422314130925077,51.044137497555546,9.422314130925077
BMP33_2,27993240.0,8.781226174847744,7.772825612546782,8.781226174847744,7.772825612546782
BMP34_2,195952680.0,55.59994196846666,16.32371184697012,55.59994196846666,16.32371184697012
BMP26_3,9652896.0,4.766549130174136,5.507018720821745,4.766549130174136,5.507018720821745
BMP27_3,265454640.0,16.74750100834087,13.672233016501677,16.74750100834087,13.672233016501677
BMP28_3,130314096.0,46.441564492832136,16.176867492413873,46.441564492832136,16.176867492413873
BMP29_3,120661200.0,47.917657126692504,19.772315291873458,47.917657126692504,19.772315291873458
BMP30_3,72396720.0,36.31187879296529,6.460156576348584,36.31187879296529,6.460156576348584
BMP31_3,120661200.0,18.641819888461683,15.880335715138855,18.641819888461683,15.880335715138855
BMP32_3,120661200.0,36.10891605580949,6.412499683572243,36.10891605580949,6.412499683572243
BMP33_3,24132240.0,6.211889834162422,5.289915098173964,6.211889834162422,5.289915098173964
BMP34_3,168925680.0,39.331718306404646,11.109351227196173,39.331718306404646,11.109351227196173
BMP26_4,3829584.0,3.1461520101732634,2.9472700927046254,3.1461520101732634,2.9472700927046254
BMP27_4,105313560.0,11.054157320905544,7.317164787849368,11.054157320905544,7.317164787849368
BMP28_4,51699384.0,30.65366945653976,8.657605897319836,30.65366945653976,8.657605897319836
BMP29_4,47869800.0,31.62796169194825,10.581833198229877,31.62796169194825,10.581833198229877
BMP30_4,28721880.0,23.967588991048963,3.4573745318265794,23.967588991048963,3.4573745318265794
BMP31_4,47869800.0,12.304499023013111,8.498906738481894,12.304499023013111,8.498906738481894
BMP32_4,47869800.0,23.833623808680297,3.4318693098704816,23.833623808680297,3.4318693098704816
BMP33_4,9573960.0,4.100146490677414,2.8310796371268467,4.100146490677414,2.8310796371268467
BMP34_4,67017720.0,25.96082852265551,5.945550629321446,25.96082852265551,5.945550629321446
BMP26_5,5029200.0,5.711062610901659,5.411006059984446,5.711062610901659,5.411006059984446
BMP27_5,138303000.0,20.066094825142216,13.433863121999847,20.066094825142216,13.433863121999847
BMP28_5,67894200.0,55.64417261279797,15.894830301204312,55.64417261279797,15.894830301204312
BMP29_5,62865000.0,57.4127597439159,19.42759291152108,57.4127597439159,19.42759291152108
BMP30_5,37719000.0,43.50724342550115,6.347526339597139,43.50724342550115,6.347526339597139
BMP31_5,62865000.0,22.33578164341023,15.603468436435918,22.33578164341023,15.603468436435918
BMP32_5,62865000.0,43.26406269497244,6.300700325616504,43.26406269497244,6.300700325616504
BMP33_5,12573000.0,7.442804176787968,5.197687551850445,7.442804176787968,5.197687551850445
BMP34_5,88011000.0,47.12547793124659,10.915664147930162,47.12547793124659,10.915664147930162
BMP26_6,12908016.0,5.971312542380078,6.635905820467337,5.971312542380078,6.635905820467337
BMP27_6,354970440.0,20.98049555213026,16.47491233504487,20.98049555213026,16.47491233504487
BMP28_6,174258216.0,58.17984646130577,19.4929733476228,58.17984646130577,19.4929733476228
BMP29_6,161350200.0,60.029027119591206,23.825454166947154,60.029027119591206,23.825454166947154
BMP30_6,96810120.0,45.48984419382191,7.784427981702068,45.48984419382191,7.784427981702068
BMP31_6,161350200.0,23.353610730263245,19.13565534190533,23.353610730263245,19.13565534190533
BMP32_6,161350200.0,45.235581853307664,7.727001873640331,45.235581853307664,7.727001873640331
BMP33_6,32270040.0,7.781968603617908,6.37429799485276,7.781968603617908,6.37429799485276
BMP34_6,225890280.0,49.27295962389755,13.386663857058148,49.27295962389755,13.386663857058148
BMP26_7,5765232.0,7.252086175500485,9.351929145154756,7.252086175500485,9.351929145154756
BMP27_7,158543880.0,25.48055568501654,23.21796255075921,25.48055568501654,23.21796255075921
BMP28_7,77830632.0,70.65871317574731,27.471291863892095,70.65871317574731,27.471291863892095
BMP29_7,72065400.0,72.90452050751519,33.577022526930634,72.90452050751519,33.577022526930634
BMP30_7,43239240.0,55.24686036149014,10.970532266431539,55.24686036149014,10.970532266431539
BMP31_7,72065400.0,28.362675094118668,26.967726448383758,28.362675094118668,26.967726448383758
BMP32_7,72065400.0,54.938061853372055,10.889602110367699,54.938061853372055,10.889602110367699
BMP33_7,14413080.0,9.451105854523211,8.983247323086154,9.451105854523211,8.983247323086154
BMP34_7,100891560.0,59.84140786106529,18.865718602437187,59.84140786106529,18.865718602437187
BMP26_8,4889808.0,7.47123585325022,10.255246702244452,7.47123585325022,10.255246702244452
BMP27_8,134469720.0,26.2505486818069,25.46062210114921,26.2505486818069,25.46062210114921
BMP28_8,66012408.0,72.79393797147408,30.124787187843083,72.79393797147408,30.124787187843083
BMP29_8,61122600.0,75.10761100989994,36.8202799867123,75.10761100989994,36.8202799867123
BMP30_8,36673560.0,56.91635674527651,12.030193246863684,56.91635674527651,12.030193246863684
BMP31_8,61122600.0,29.219762414453438,29.572581596183763,29.219762414453438,29.572581596183763
BMP32_8,61122600.0,56.59822670249296,11.941445919632724,56.59822670249296,11.941445919632724
BMP33_8,12224520.0,9.736707370042222,9.85095332263674,9.736707370042222,9.85095332263674
BMP34_8,85571640.0,61.64974616972278,20.68798805895083,61.64974616972278,20.68798805895083
BMP26_9,15598176.0,4.421154045896975,3.3519439167820466,4.421154045896975,3.3519439167820466
BMP27_9,428949840.0,15.533938667067693,8.321845378010812,15.533938667067693,8.321845378010812
BMP28_9,210575376.0,43.07630219428136,9.846335255547261,43.07630219428136,9.846335255547261
BMP29_9,194977200.0,44.445433769784934,12.03476787044631,44.445433769784934,12.03476787044631
BMP30_9,116986320.0,33.680636757388044,3.932088056225093,33.680636757388044,3.932088056225093
BMP31_9,194977200.0,17.290990855630618,9.665845967720536,17.290990855630618,9.665845967720536
BMP32_9,194977200.0,33.492381165756306,3.9030808492529405,33.492381165756306,3.9030808492529405
BMP33_9,38995440.0,5.761762046910896,3.2197999739089083,5.761762046910896,3.2197999739089083
BMP34_9,272968080.0,36.48165177227246,6.761902247508398,36.48165177227246,6.761902247508398
BMP26_10,12198912.0,7.044156572559164,10.369889741121014,7.044156572559164,10.369889741121014
BMP27_10,335470080.0,24.74998496397239,25.74524549189852,24.74998496397239,25.74524549189852
BMP28_10,164685312.0,68.63280810244419,30.46155111454298,68.63280810244419,30.46155111454298
BMP29_10,152486400.0,70.81422433136574,37.231892589755645,70.81422433136574,37.231892589755645
BMP30_10,91491840.0,53.662839231470066,12.16467835016119,53.662839231470066,12.16467835016119
BMP31_10,152486400.0,27.54946912442171,29.903172436174923,27.54946912442171,29.903172436174923
BMP32_10,152486400.0,53.36289449999336,12.07493891970918,53.36289449999336,12.07493891970918
BMP33_10,30497280.0,9.180126630044846,9.961076780172974,9.180126630044846,9.961076780172974
BMP34_10,213480960.0,58.12565326647207,20.919258343146048,58.12565326647207,20.919258343146048
BMP21_11,6348030.0,11.544689850056452,6.20659771958966,11.544689850056452,6.20659771958966
BMP22_11,63480300.0,1.5902502761493285,0.2911109130772928,1.5902502761493285,0.2911109130772928
BMP23_11,69828330.0,19.548656709570473,10.149313484083091,19.548656709570473,10.149313484083091
BMP24_11,169280800.0,18.506061685060047,10.861546009281906,18.506061685060047,10.861546009281906
BMP25_11,10580050.0,3.0867841456010905,2.9732881607506023,3.0867841456010905,2.9732881607506023
BMP21_12,8541975.0,13.86331013361771,7.599577953112329,13.86331013361771,7.599577953112329
BMP22_12,85419750.0,1.9096340442806736,0.35644650690827406,1.9096340442806736,0.35644650690827406
BMP23_12,93961725.0,23.474783141019333,12.42717870201565,23.474783141019333,12.42717870201565
BMP24_12,227786000.0,22.222794706831632,13.299261417946575,22.222794706831632,13.299261417946575
BMP25_12,14236625.0,3.7067298023422284,3.640599274441789,3.7067298023422284,3.640599274441789
BMP26_13,4395600.0,4.053572595075145,3.087503885137288,4.053572595075145,3.087503885137288
BMP27_13,120879000.0,14.24242345340596,7.6653221456004585,14.24242345340596,7.6653221456004585
BMP28_13,59340600.0,39.49487311666119,9.069542662590782,39.49487311666119,9.069542662590782
BMP29_13,54945000.0,40.750173017071546,11.085326449137147,40.750173017071546,11.085326449137147
BMP30_13,32967000.0,30.880377550095037,3.621879557564895,30.880377550095037,3.621879557564895
BMP31_13,54945000.0,15.853391658932598,8.903292453391082,15.853391658932598,8.903292453391082
BMP32_13,54945000.0,30.707773813788613,3.5951607739435145,30.707773813788613,3.5951607739435145
BMP33_13,10989000.0,5.282720414226962,2.9657849819732216,5.282720414226962,2.9657849819732216
BMP34_13,76923000.0,33.448511929684585,6.2284453375173365,33.448511929684585,6.2284453375173365
BMP26_14,13484592.0,7.038190110501276,10.370376802142989,7.038190110501276,10.370376802142989
BMP27_14,370826280.0,24.729021510832222,25.746454714551152,24.729021510832222,25.746454714551152
BMP28_14,182041992.0,68.57467551534856,30.46298185629503,68.57467551534856,30.46298185629503
BMP29_14,168557400.0,70.75424406569734,37.2336413261557,70.75424406569734,37.2336413261557
BMP30_14,101134440.0,53.61738633858004,12.165249710206197,53.61738633858004,12.165249710206197
BMP31_14,168557400.0,27.526134483779828,29.904576951564252,27.526134483779828,29.904576951564252
BMP32_14,168557400.0,53.317695662907084,12.075506064803037,53.317695662907084,12.075506064803037
BMP33_14,33711480.0,9.172350982717791,9.961544639750814,9.172350982717791,9.961544639750814
BMP34_14,235980360.0,58.07642033116859,20.9202408950923,58.07642033116859,20.9202408950923
BMP26_15,35326896.0,7.664136741812369,10.355799474923147,7.664136741812369,10.355799474923147
BMP27_15,971489640.0,26.928315287683976,25.710263696395735,26.928315287683976,25.710263696395735
BMP28_15,476913096.0,74.67341488700026,30.420160957586745,74.67341488700026,30.420160957586745
BMP29_15,441586200.0,77.0468249747873,37.18130311477215,77.0468249747873,37.18130311477215
BMP30_15,264951720.0,58.38588815956158,12.14814938404446,58.38588815956158,12.14814938404446
BMP31_15,441586200.0,29.974191567010696,29.86254098586011,29.974191567010696,29.86254098586011
BMP32_15,441586200.0,58.05954427249086,12.058531888588394,58.05954427249086,12.058531888588394
BMP33_15,88317240.0,9.98810078610386,9.947541995623292,9.98810078610386,9.947541995623292
BMP34_15,618220680.0,63.24148963082593,20.890833940758426,63.24148963082593,20.890833940758426
BMP26_16,1621488.0,3.3953812564910124,3.4539522970001593,3.3953812564910124,3.4539522970001593
BMP27_16,44590920.0,11.929836337322616,8.575100798898472,11.929836337322616,8.575100798898472
BMP28_16,21890088.0,33.081966280985334,10.145984872437968,33.081966280985334,10.145984872437968
BMP29_16,20268600.0,34.13343918622126,12.401017189421728,34.13343918622126,12.401017189421728
BMP30_16,12161160.0,25.866233468803788,4.051751733019417,25.866233468803788,4.051751733019417
BMP31_16,20268600.0,13.27922656570872,9.96000282567642,13.27922656570872,9.96000282567642
BMP32_16,20268600.0,25.72165594433385,4.021861761218455,25.72165594433385,4.021861761218455
BMP33_16,4053720.0,4.42494847620119,3.3177868699068838,4.42494847620119,3.3177868699068838
BMP34_16,28376040.0,28.01737178743229,6.967684537602245,28.01737178743229,6.967684537602245
BMP26_17,25092144.0,7.75,10.4,7.75,10.4
BMP27_17,690033960.0,27.23,25.82,27.23,25.82
BMP28_17,338743944.0,75.51,30.55,75.51,30.55
BMP29_17,313651800.0,77.91,37.34,77.91,37.34
BMP30_17,188191080.0,59.04,12.2,59.04,12.2
BMP31_17,313651800.0,30.31,29.99,30.31,29.99
BMP32_17,313651800.0,58.71,12.11,58.71,12.11
BMP33_17,62730360.0,10.1,9.99,10.1,9.99
BMP34_17,439112520.0,63.95,20.98,63.95,20.98
BMP26_18,29484576.0,7.366660694893621,10.386569848765227,7.366660694893621,10.386569848765227
BMP27_18,810825840.0,25.883118802832684,25.78665706683828,25.883118802832684,25.78665706683828
BMP28_18,398041776.0,71.7750385898603,30.510548930747852,71.7750385898603,30.510548930747852
BMP29_18,368557200.0,74.05632706311768,37.29178059162438,74.05632706311768,37.29178059162438
BMP30_18,221134320.0,56.119696442131534,12.184245399513053,56.119696442131534,12.184245399513053
BMP31_18,368557200.0,28.810772343512987,29.951272092737412,28.810772343512987,29.951272092737412
BMP32_18,368557200.0,55.806019277058645,12.094361621975661,55.806019277058645,12.094361621975661
BMP33_18,73711440.0,9.600422324958139,9.977099306650443,9.600422324958139,9.977099306650443
BMP34_18,515980080.0,60.78683244367059,20.952907252605236,60.78683244367059,20.952907252605236
BMP26_19,24531936.0,7.6603752540107335,10.359556997061826,7.6603752540107335,10.359556997061826
BMP27_19,674628240.0,26.915099118285454,25.71959246770542,26.915099118285454,25.71959246770542
BMP28_19,331181136.0,74.63676586198072,30.431198678869116,74.63676586198072,30.431198678869116
BMP29_19,306649200.0,77.00901110193242,37.19479406445083,77.00901110193242,37.19479406445083
BMP30_19,183989520.0,58.35723290281209,12.152557246553297,58.35723290281209,12.152557246553297
BMP31_19,306649200.0,29.959480509556816,29.873376379027324,29.959480509556816,29.873376379027324
BMP32_19,306649200.0,58.03104918231873,12.062907234078722,58.03104918231873,12.062907234078722
BMP33_19,61329840.0,9.983198718130117,9.951151384677658,9.983198718130117,9.951151384677658
BMP34_19,429308880.0,63.21045128954664,20.8984140190728,63.21045128954664,20.8984140190728
BMP26_20,7558320.0,7.69210373407635,10.360374407657442,7.69210373407635,10.360374407657442
BMP27_20,207853800.0,27.026578668245033,25.721621846703382,27.026578668245033,25.721621846703382
BMP28_20,102037320.0,74.94590360775551,30.433599822493736,74.94590360775551,30.433599822493736
BMP29_20,94479000.0,77.32797444153398,37.19772888287778,77.32797444153398,37.19772888287778
BMP30_20,56687400.0,58.59894251095067,12.153516132059691,58.59894251095067,12.153516132059691
BMP31_20,94479000.0,30.083569571594087,29.875733508235257,30.083569571594087,29.875733508235257
BMP32_20,94479000.0,58.27140777130613,12.063859045839578,58.27140777130613,12.063859045839578
BMP33_20,18895800.0,10.024548092151115,9.951936570432485,10.024548092151115,9.951936570432485
BMP34_20,132270600.0,63.47226242505582,20.90006298775511,63.47226242505582,20.90006298775511
BMP26_21,24984960.0,7.370169840306774,10.387300262340496,7.370169840306774,10.387300262340496
BMP27_21,687086400.0,25.895448355039157,25.788470459003037,25.895448355039157,25.788470459003037
BMP28_21,337296960.0,71.80922898600834,30.512694520625207,71.80922898600834,30.512694520625207
BMP29_21,312312000.0,74.09160416236139,37.294403057287894,74.09160416236139,37.294403057287894
BMP30_21,187387200.0,56.146429338285415,12.185102230822503,56.146429338285415,12.185102230822503
BMP31_21,312312000.0,28.82449649802559,29.953378352653022,28.82449649802559,29.953378352653022
BMP32_21,312312000.0,55.83260275153687,12.095212132398403,55.83260275153687,12.095212132398403
BMP33_21,62462400.0,9.604995533819151,9.97780092507515,9.604995533819151,9.97780092507515
BMP34_21,437236800.0,60.81578855324106,20.95438072152919,60.81578855324106,20.95438072152919
BMP26_22,12089616.0,2.9697067572285425,2.187740887628344,2.9697067572285425,2.187740887628344
BMP27_22,332464440.0,10.434208387010738,5.431487472938831,10.434208387010738,5.431487472938831
BMP28_22,163209816.0,28.934523514622875,6.426488857408261,28.934523514622875,6.426488857408261
BMP29_22,151120200.0,29.854174639442032,7.85483122538869,29.854174639442032,7.85483122538869
BMP30_22,90672120.0,22.623417670551376,2.566388348948634,22.623417670551376,2.566388348948634
BMP31_22,151120200.0,11.614427330528661,6.308687424997503,11.614427330528661,6.308687424997503
BMP32_22,151120200.0,22.49696564088874,2.5474559758826194,22.49696564088874,2.5474559758826194
BMP33_22,30224040.0,3.8701984836139713,2.101493410327611,3.8701984836139713,2.101493410327611
BMP34_22,211568280.0,24.50487059674391,4.413346521388717,24.50487059674391,4.413346521388717
BMP26_23,971520.0,5.84573627759179,5.803387779795411,5.84573627759179,5.803387779795411
BMP27_23,26716800.0,20.539277269525737,14.408026199453607,20.539277269525737,14.408026199453607
BMP28_23,13115520.0,56.956328557542726,17.04745160314902,56.956328557542726,17.04745160314902
BMP29_23,12144000.0,58.766621082216304,20.836394201688528,58.766621082216304,20.836394201688528
BMP30_23,7286400.0,44.53319610697023,6.807820280144616,44.53319610697023,6.807820280144616
BMP31_23,12144000.0,22.862486009523504,16.734961491929266,22.862486009523504,16.734961491929266
BMP32_23,12144000.0,44.284280884827616,6.757598655127156,44.284280884827616,6.757598655127156
BMP33_23,2428800.0,7.61831437466801,5.5746003769380925,7.61831437466801,5.5746003769380925
BMP34_23,17001600.0,48.236752897031614,11.707218809625743,48.236752897031614,11.707218809625743
BMP26_24,14289264.0,7.75,10.4,7.75,10.4
BMP27_24,392954760.0,27.23,25.82,27.23,25.82
BMP28_24,192905064.0,75.51,30.55,75.51,30.55
BMP29_24,178615800.0,77.91,37.34,77.91,37.34
BMP30_24,107169480.0,59.04,12.2,59.04,12.2
BMP31_24,178615800.0,30.31,29.99,30.31,29.99
BMP32_24,178615800.0,58.71,12.11,58.71,12.11
BMP33_24,35723160.0,10.1,9.99,10.1,9.99
BMP34_24,250062120.0,63.95,20.98,63.95,20.98
BMP26_25,8333424.0,7.328622487826009,9.469687423312138,7.328622487826009,9.469687423312138
BMP27_25,229169160.0,25.749469721742223,23.510320122107636,25.749469721742223,23.510320122107636
BMP28_25,112501224.0,71.404423749128,27.817206805979406,71.404423749128,27.817206805979406
BMP29_25,104167800.0,73.67393264858379,33.99982003716108,73.67393264858379,33.99982003716108
BMP30_25,62500680.0,55.82991892661259,11.108671785039238,55.82991892661259,11.108671785039238
BMP31_25,104167800.0,28.662006142710496,27.30730056010875,28.662006142710496,27.30730056010875
BMP32_25,104167800.0,55.51786145293742,11.026722566952882,55.51786145293742,11.026722566952882
BMP33_25,20833560.0,9.550849951876476,9.09636320758541,9.550849951876476,9.09636320758541
BMP34_25,145834920.0,60.47295588341591,19.103273282796987,60.47295588341591,19.103273282796987
BMP26_26,2750880.0,6.379555501474333,7.525221940338782,6.379555501474333,7.525221940338782
BMP27_26,75649200.0,22.4148769425995,18.682810624956478,22.4148769425995,18.682810624956478
BMP28_26,37136880.0,62.15744979565509,22.105339449745173,62.15744979565509,22.105339449745173
BMP29_26,34386000.0,64.13305407998261,27.01844108194713,64.13305407998261,27.01844108194713
BMP30_26,20631600.0,48.599865394457375,8.827664199243571,48.599865394457375,8.827664199243571
BMP31_26,34386000.0,24.950235774153168,21.700135191419236,24.950235774153168,21.700135191419236
BMP32_26,34386000.0,48.32821980536234,8.762542086298332,48.32821980536234,8.762542086298332
BMP33_26,6877200.0,8.314001363211712,7.22855453692158,8.314001363211712,7.22855453692158
BMP34_26,48140400.0,52.64162249281079,15.180688106568043,52.64162249281079,15.180688106568043
BMP26_27,11092224.0,4.964156210014146,4.8403552114179185,4.964156210014146,4.8403552114179185
BMP27_27,305036160.0,17.441803044991637,12.01711264988564,17.441803044991637,12.01711264988564
BMP28_27,149745024.0,48.366894892666856,14.218543433540136,48.366894892666856,14.218543433540136
BMP29_27,138652800.0,49.90418197705833,17.378736884071643,49.90418197705833,17.378736884071643
BMP30_27,83191680.0,37.81726227603034,5.67810899800948,37.81726227603034,5.67810899800948
BMP31_27,138652800.0,19.41465480329403,13.957908922156092,19.41465480329403,13.957908922156092
BMP32_27,138652800.0,37.60588530192651,5.636221308679903,37.60588530192651,5.636221308679903
BMP33_27,27730560.0,6.4694164801474665,4.649533515583173,6.4694164801474665,4.649533515583173
BMP34_27,194113920.0,40.96229543618124,9.764485801494994,40.96229543618124,9.764485801494994
BMP26_28,1438800.0,5.48172969135962,5.62418921889922,5.48172969135962,5.62418921889922
BMP27_28,39567000.0,19.26032251557709,13.963131310767102,19.26032251557709,13.963131310767102
BMP28_28,19423800.0,53.40973019284709,16.52105583051646,53.40973019284709,16.52105583051646
BMP29_28,17985000.0,55.10729809726813,20.19300244554778,55.10729809726813,20.19300244554778
BMP30_28,10791000.0,41.76017044875768,6.5976065837087,41.76017044875768,6.5976065837087
BMP31_28,17985000.0,21.43886799291743,16.218214872575732,21.43886799291743,16.218214872575732
BMP32_28,17985000.0,41.52675486189978,6.548935715468226,41.52675486189978,6.548935715468226
BMP33_28,3597000.0,7.143931597771892,5.402466374692616,7.143931597771892,5.402466374692616
BMP34_28,25179000.0,45.23311145321906,11.345720174279387,45.23311145321906,11.345720174279387
BMP26_29,26504016.0,5.254327925915072,6.162104337079987,5.254327925915072,6.162104337079987
BMP27_29,728860440.0,18.46133540937644,15.29860903686589,18.46133540937644,15.29860903686589
BMP28_29,357804216.0,51.19410344333511,18.10118149017246,51.19410344333511,18.10118149017246
BMP29_29,331300200.0,52.82125015587655,22.124324610246802,52.82125015587655,22.124324610246802
BMP30_29,198780120.0,40.027809128519465,7.228622395420754,40.027809128519465,7.228622395420754
BMP31_29,331300200.0,20.549507023804622,17.769375872022,20.549507023804622,17.769375872022
BMP32_29,331300200.0,39.804076455545015,7.1752964925037155,39.804076455545015,7.1752964925037155
BMP33_29,66260040.0,6.8475757486118995,5.919175223791257,6.8475757486118995,5.919175223791257
BMP34_29,463820280.0,43.356680111260495,12.43086047999405,43.356680111260495,12.43086047999405
BMP26_30,4237728.0,6.274591821585118,7.196861305232408,6.274591821585118,7.196861305232408
BMP27_30,116537520.0,22.046081974421003,17.86759220202892,22.046081974421003,17.86759220202892
BMP28_30,57209328.0,61.13476496101836,21.1407800841202,61.13476496101836,21.1407800841202
BMP29_30,52971600.0,63.07786436383181,25.839500109363282,63.07786436383181,25.839500109363282
BMP30_30,31782960.0,47.800245309211014,8.442471915753401,47.800245309211014,8.442471915753401
BMP31_30,52971600.0,24.539726208031603,20.753256783069222,24.539726208031603,20.753256783069222
BMP32_30,52971600.0,47.53306914132416,8.380191385227352,47.53306914132416,8.380191385227352
BMP33_30,10594320.0,8.17720998683996,6.913138888391515,8.17720998683996,6.913138888391515
BMP34_30,74160240.0,51.77550283746688,14.518283671516917,51.77550283746688,14.518283671516917
BMP26_31,4851264.0,6.069990146518052,7.011759621701237,6.069990146518052,7.011759621701237
BMP27_31,133409760.0,21.327204088991813,17.408041676185185,21.327204088991813,17.408041676185185
BMP28_31,65492064.0,59.14128464046169,20.597043888747383,59.14128464046169,20.597043888747383
BMP29_31,60640800.0,61.021023524544695,25.17491387253117,61.021023524544695,25.17491387253117
BMP30_31,36384480.0,46.24157654844203,8.225333402380295,46.24157654844203,8.225333402380295
BMP31_31,60640800.0,23.73953565689834,20.219487601425005,23.73953565689834,20.219487601425005
BMP32_31,60640800.0,45.98311245188062,8.164654713346343,45.98311245188062,8.164654713346343
BMP33_31,12128160.0,7.9105678038493314,6.735334482768784,7.9105678038493314,6.735334482768784
BMP34_31,84897120.0,50.08720901546186,14.14487662147038,50.08720901546186,14.14487662147038
BMP26_32,7959600.0,4.479001631844903,3.7304987439129595,4.479001631844903,3.7304987439129595
BMP27_32,218889000.0,15.73718895937248,9.261680535368521,15.73718895937248,9.261680535368521
BMP28_32,107454600.0,43.63992428653015,10.95834006024432,43.63992428653015,10.95834006024432
BMP29_32,99495000.0,45.02696995316599,13.393925297856724,45.02696995316599,13.393925297856724
BMP30_32,59697000.0,34.12132339924169,4.376161988051741,34.12132339924169,4.376161988051741
BMP31_32,99495000.0,17.517230898221808,10.757467050956697,17.517230898221808,10.757467050956697
BMP32_32,99495000.0,33.93060462007926,4.343878825844802,33.93060462007926,4.343878825844802
BMP33_32,19899000.0,5.837150513759164,3.583431004970237,5.837150513759164,3.583431004970237
BMP34_32,139293000.0,36.958987658900845,7.525563812239797,36.958987658900845,7.525563812239797
BMP26_33,8807568.0,3.484824464457195,3.624068203485398,3.484824464457195,3.624068203485398
BMP27_33,242208120.0,12.244099376408958,8.99744625134548,12.244099376408958,8.99744625134548
BMP28_33,118902168.0,33.953431653053265,10.645700347738357,33.953431653053265,10.645700347738357
BMP29_33,110094600.0,35.032603100110975,13.011798722898536,35.032603100110975,13.011798722898536
BMP30_33,66056760.0,26.547617597619713,4.251310777165563,26.547617597619713,4.251310777165563
BMP31_33,110094600.0,13.629036066799687,10.450558213704527,13.629036066799687,10.450558213704527
BMP32_33,110094600.0,26.39923152364928,4.219948648481554,26.39923152364928,4.219948648481554
BMP33_33,22018920.0,4.541513173034538,3.481196283924916,4.541513173034538,3.481196283924916
BMP34_33,154132440.0,28.755422516391953,7.310860664338813,28.755422516391953,7.310860664338813
BMP21_34,7195035.0,10.922986580055928,6.114076163217368,10.922986580055928,6.114076163217368
BMP22_34,71950350.0,1.5046123066895913,0.28677133188132464,1.5046123066895913,0.28677133188132464
BMP23_34,79145385.0,18.49592476455437,9.998017988212007,18.49592476455437,9.998017988212007
BMP24_34,191867600.0,17.509475443778136,10.699633285630394,17.509475443778136,10.699633285630394
BMP25_34,11991725.0,2.920555011511656,2.9289654479529466,2.920555011511656,2.9289654479529466
BMP26_35,252912.0,4.184411021067982,4.6709239087731325,4.184411021067982,4.6709239087731325
BMP27_35,6955080.0,14.702130594023375,11.596466858127142,14.702130594023375,11.596466858127142
BMP28_35,3414312.0,40.76966144527011,13.720838982021077,40.76966144527011,13.720838982021077
BMP29_35,3161400.0,42.065479051794384,16.770413341691228,42.065479051794384,16.770413341691228
BMP30_35,1896840.0,31.877113120497246,5.47935304683002,31.877113120497246,5.47935304683002
BMP31_35,3161400.0,16.365096522396197,13.469327694625598,16.365096522396197,13.469327694625598
BMP32_35,3161400.0,31.69893819960016,5.438931589927176,31.69893819960016,5.438931589927176
BMP33_35,632280.0,5.453232427456338,4.48678171621573,5.453232427456338,4.48678171621573
BMP34_35,4425960.0,34.52813997384484,9.422690731351953,34.52813997384484,9.422690731351953
BMP26_36,1439328.0,3.73860151065428,2.4670581202530912,3.73860151065428,2.4670581202530912
BMP27_36,39581520.0,13.135757307756908,6.124946217782194,13.135757307756908,6.124946217782194
BMP28_36,19430928.0,36.42603871864576,7.2469832282434545,36.42603871864576,7.2469832282434545
BMP29_36,17991600.0,37.58379918646128,8.857687520216388,37.58379918646128,8.857687520216388
BMP30_36,10794960.0,28.48090750826176,2.8940489487584333,28.48090750826176,2.8940489487584333
BMP31_36,17991600.0,14.621549908120157,7.114141637152903,14.621549908120157,7.114141637152903
BMP32_36,17991600.0,28.32171544393713,2.872699407333166,28.32171544393713,2.872699407333166
BMP33_36,3598320.0,4.872241968723642,2.369799098204652,4.872241968723642,2.369799098204652
BMP34_36,25188240.0,30.849492465334347,4.976815323356717,30.849492465334347,4.976815323356717
BMP26_37,3540240.0,4.231237574964641,3.079530498834036,4.231237574964641,3.079530498834036
BMP27_37,97356600.0,14.866657956940282,7.645526680759116,14.866657956940282,7.645526680759116
BMP28_37,47793240.0,41.225903133623234,9.046120840324981,41.225903133623234,9.046120840324981
BMP29_37,44253000.0,42.53622186651551,11.056698925621435,42.53622186651551,11.056698925621435
BMP30_37,26551800.0,32.23384082914999,3.6125261620937725,32.23384082914999,3.6125261620937725
BMP31_37,44253000.0,16.548233664152036,8.88029996731084,16.548233664152036,8.88029996731084
BMP32_37,44253000.0,32.0536720033773,3.5858763789307857,32.0536720033773,3.5858763789307857
BMP33_37,8850600.0,5.514258000921662,2.95812593109154,5.514258000921662,2.95812593109154
BMP34_37,61954200.0,34.9145345701921,6.212360563994046,34.9145345701921,6.212360563994046
BMP26_38,3333264.0,4.804196629150817,3.9507921446432697,4.804196629150817,3.9507921446432697
BMP27_38,91664760.0,16.87977731764861,9.808601266797039,16.87977731764861,9.808601266797039
BMP28_38,44999064.0,46.808372576410086,11.605451924889604,46.808372576410086,11.605451924889604
BMP29_38,41665800.0,48.29612379059872,14.184863334709586,48.29612379059872,14.184863334709586
BMP30_38,24999480.0,36.598679869040545,4.634583092754604,36.598679869040545,4.634583092754604
BMP31_38,41665800.0,18.789058042524033,11.392716963254966,18.789058042524033,11.392716963254966
BMP32_38,41665800.0,36.394114077089604,4.600393545349037,36.394114077089604,4.600393545349037
BMP33_38,8333160.0,6.260953026377193,3.7950397620179097,6.260953026377193,3.7950397620179097
BMP34_38,58332120.0,39.6423708947348,7.969963384097673,39.6423708947348,7.969963384097673
BMP26_39,7625904.0,3.7473579593629998,3.232851091774554,3.7473579593629998,3.232851091774554
BMP27_39,209712360.0,13.166523513994127,8.026174537463364,13.166523513994127,8.026174537463364
BMP28_39,102949704.0,36.51135477567744,9.496500082087751,36.51135477567744,9.496500082087751
BMP29_39,95323800.0,37.67182691793178,11.607178823736716,37.67182691793178,11.607178823736716
BMP30_39,57194280.0,28.547614699456968,3.7923830115047648,28.547614699456968,3.7923830115047648
BMP31_39,95323800.0,14.655796096553873,9.322423484838351,14.655796096553873,9.322423484838351
BMP32_39,95323800.0,28.388049779896996,3.764406415518254,28.388049779896996,3.764406415518254
BMP33_39,19064760.0,4.883653598653716,3.105402154502672,4.883653598653716,3.105402154502672
BMP34_39,133453320.0,30.92174729048566,6.521655375522129,30.92174729048566,6.521655375522129
BMP26_40,3584064.0,6.129838854099017,6.595961449295564,6.129838854099017,6.595961449295564
BMP27_40,98561760.0,21.53748541898274,16.375742752001102,21.53748541898274,16.375742752001102
BMP28_40,48384864.0,59.72440411264733,19.37563675730572,59.72440411264733,19.37563675730572
BMP29_40,44800800.0,61.62267679004572,23.682038511220806,61.62267679004572,23.682038511220806
BMP30_40,26880480.0,46.69750786400077,7.737570161673642,46.69750786400077,7.737570161673642
BMP31_40,44800800.0,23.973602021644023,19.02046960234365,23.973602021644023,19.02046960234365
BMP32_40,44800800.0,46.43649537085849,7.680489726054739,46.43649537085849,7.680489726054739
BMP33_40,8960160.0,7.988564184051621,6.3359283536983355,7.988564184051621,6.3359283536983355
BMP34_40,62721120.0,50.58105738317834,13.306083769828936,50.58105738317834,13.306083769828936
BMP26_41,3230832.0,2.285465134174057,1.6504317322884186,2.285465134174057,1.6504317322884186
BMP27_41,88847880.0,8.030092335943172,4.097514166123746,8.030092335943172,4.097514166123746
BMP28_41,43616232.0,22.267802875030075,4.848143213597229,22.267802875030075,4.848143213597229
BMP29_41,40385400.0,22.975559819806552,5.925684700350918,22.975559819806552,5.925684700350918
BMP30_41,24231240.0,17.41082084150146,1.9360833782614137,17.41082084150146,1.9360833782614137
BMP31_41,40385400.0,8.93838041507299,4.759273812627852,8.93838041507299,4.759273812627852
BMP32_41,40385400.0,17.313504261594698,1.921800795962764,17.313504261594698,1.921800795962764
BMP33_41,8077080.0,2.978477142601029,1.585366635150125,2.978477142601029,1.585366635150125
BMP34_41,56539560.0,18.85877359102335,3.3294286291741364,18.85877359102335,3.3294286291741364
BMP26_42,52800.0,2.791708401598591,1.525223720161364,2.791708401598591,1.525223720161364
BMP27_42,1452000.0,9.808802551681243,3.7866611975544635,9.808802551681243,3.7866611975544635
BMP28_42,712800.0,27.200245342543177,4.480344677974007,27.200245342543177,4.480344677974007
BMP29_42,660000.0,28.06477439594145,5.476139779887052,28.06477439594145,5.476139779887052
BMP30_42,396000.0,21.267414713597525,1.789204748650831,21.267414713597525,1.789204748650831
BMP31_42,660000.0,10.91828150354236,4.398217246888395,10.91828150354236,4.398217246888395
BMP32_42,660000.0,21.148541968755264,1.7760056972263576,21.148541968755264,1.7760056972263576
BMP33_42,132000.0,3.638226433051067,1.465094708116541,3.638226433051067,1.465094708116541
BMP34_42,924000.0,23.036097068674827,3.076845543171675,23.036097068674827,3.076845543171675
BMP26_43,1461504.0,3.6734031556506035,3.217621808504375,3.6734031556506035,3.217621808504375
BMP27_43,40191360.0,12.906679732692378,7.988364913036822,12.906679732692378,7.988364913036822
BMP28_43,19730304.0,35.790796423635754,9.451764062481601,35.790796423635754,9.451764062481601
BMP29_43,18268800.0,36.92836643312755,11.55249983938013,36.92836643312755,11.55249983938013
BMP30_43,10961280.0,27.984222233498272,3.774517890745516,27.984222233498272,3.774517890745516
BMP31_43,18268800.0,14.366561244873521,9.278507503562134,14.366561244873521,9.278507503562134
BMP32_43,18268800.0,27.82780635719315,3.746673086633459,27.82780635719315,3.746673086633459
BMP33_43,3653760.0,4.787273789944657,3.090773256438337,4.787273789944657,3.090773256438337
BMP34_43,25576320.0,30.311500877916917,6.4909332252328635,30.311500877916917,6.4909332252328635
BMP26_44,1729200.0,3.0656263138910194,2.789203240838629,3.0656263138910194,2.789203240838629
BMP27_44,47553000.0,10.77122639061322,6.9247334306205195,10.77122639061322,6.9247334306205195
BMP28_44,23344200.0,29.869089414440115,8.193284519963473,29.869089414440115,8.193284519963473
BMP29_44,21615000.0,30.81844466003217,10.014312405087924,30.81844466003217,10.014312405087924
BMP30_44,12969000.0,23.35413904156462,3.271949955599161,23.35413904156462,3.271949955599161
BMP31_44,21615000.0,11.989565622456361,8.043096653149085,11.989565622456361,8.043096653149085
BMP32_44,21615000.0,23.22360269529571,3.247812619861134,23.22360269529571,3.247812619861134
BMP33_44,4323000.0,3.995203325199909,2.6792442669209526,3.995203325199909,2.6792442669209526
BMP34_44,30261000.0,25.296361648171704,5.626681153153312,25.296361648171704,5.626681153153312
BMP26_45,1910304.0,2.5569772942937985,2.941345914002166,2.5569772942937985,2.941345914002166
BMP27_45,52533360.0,8.98406344820905,7.302456874955378,8.98406344820905,7.302456874955378
BMP28_45,25789104.0,24.91320716027416,8.640203622381362,24.91320716027416,8.640203622381362
BMP29_45,23878800.0,25.70504529011998,10.560563118157777,25.70504529011998,10.560563118157777
BMP30_45,14327280.0,19.479217994207207,3.4504250145025406,19.479217994207207,3.4504250145025406
BMP31_45,23878800.0,10.00025571484452,8.481823457781246,10.00025571484452,8.481823457781246
BMP32_45,23878800.0,19.370340251353408,3.424971059477522,19.370340251353408,3.424971059477522
BMP33_45,4775760.0,3.3323187964344987,2.8253890077770807,3.3323187964344987,2.8253890077770807
BMP34_45,33430320.0,21.09918683485012,5.93359973805437,21.09918683485012,5.93359973805437
BMP26_46,4298448.0,3.7754128265450255,3.734864148218233,3.7754128265450255,3.734864148218233
BMP27_46,118207320.0,13.26509564733175,9.272518491057191,13.26509564733175,9.272518491057191
BMP28_46,58029048.0,36.78469968160192,10.97116343539106,36.78469968160192,10.97116343539106
BMP29_46,53730600.0,37.953859782725544,13.409598778314312,37.953859782725544,13.409598778314312
BMP30_46,32238360.0,28.761338487641073,4.381282943102158,28.761338487641073,4.381282943102158
BMP31_46,53730600.0,14.76551777710706,10.770055365871617,14.76551777710706,10.770055365871617
BMP32_46,53730600.0,28.600578973736575,4.348962003357962,28.600578973736575,4.348962003357962
BMP33_46,10746120.0,4.920215425561905,3.5876243116057838,4.920215425561905,3.5876243116057838
BMP34_46,75222840.0,31.153245194523148,7.53437017592486,31.153245194523148,7.53437017592486
