Reach,Ingoings,Outgoings,Split Ratio,P_0,P_1,P_2,P_3,P_4,N_0,N_1,N_2,N_3,N_4,BMPs
1,2,,,0.00119857,0.00023075,0.0002314,0.00241758,0.00018078,0.0126816,-0.0045398,-0.0148186,0.032979,0.0050316,
2,2_a 3 85 345 466 534 544 548 549 550 551 552 553 554 555,1,,0,3.706064998,0,6.674107244,0,45.79324921,0,0,37.98757011,0,
2_a,,2,,-6.473383375,0,-4.244917289,0,-0.566101905,0,-23.93775121,-62.06768684,0,-25.48519928,
3,4 3_0,2,,0,0,0,0,0,0,0,0,0,0,
3_0,,3,,0.06763082,0.07087603,0.04802653,0.12072189,0.03624888,0.5781366,0.6968578,0.3371005,0.9034294,0.3257212, BMP26_3 BMP27_3 BMP28_3 BMP29_3 BMP30_3 BMP31_3 BMP32_3 BMP33_3 BMP34_3
4,5 4_0,3,,0,0,0,0,0,0,0,0,0,0,
4_0,,4,,0.13869589,0.13048609,0.10807346,0.22858658,0.07936906,1.779631,1.7623938,1.3437892,2.6615052,1.2046879, BMP26_4 BMP27_4 BMP28_4 BMP29_4 BMP30_4 BMP31_4 BMP32_4 BMP33_4 BMP34_4
5,5_a 6 84 422 444 475 491 516 529 530 531 532 540 541,4,,0,0,0,1.547771871,0,0,0,0,30.51370107,0,
5_a,,5,,-1.695105846,-0.030210519,-3.265173128,0,-1.672851213,-3.299523697,-5.469729331,-44.89667092,0,-13.82742973,
6,7 518 6_0,5,,0,0,0,0,0,0,0,0,0,0,
6_0,,6,,0.002394275,0.004375863,0.035241163,0.097137224,0.012538204,0.0776135,0.006821735,0.122237332,0.628427022,0.064253964, BMP26_6 BMP27_6 BMP28_6 BMP29_6 BMP30_6 BMP31_6 BMP32_6 BMP33_6 BMP34_6
7,7_a 8 56,6,,0,0,0,0.018411232,0,0.001827864,0,0,0.188340072,0,
7_a,,7,,-0.004199152,-0.000109574,-0.004526871,0,-0.002959198,0,-0.019087829,-0.06810759,0,-0.0199445,
8,9 8_0 8_a,7,,0,0,0,0,0,0,0,0,0,0,
8_0,,8,,0.040533395,0.041274929,0.0207698,0.198076776,0.043466132,0.1754352,0,0,1.6528292,0.0284741, BMP39_8 BMP40_8 BMP41_8 BMP42_8 BMP43_8
8_a,,8,,0,0,0,0,0,0,-0.0574172,-0.4091886,0,0,
9,10 9_0,8,,0,0,0,0,0,0,0,0,0,0,
9_0,,9,,0.250157201,0.094666103,0.25591748,0.223307982,0.227374055,2.8846681,0.8260378,2.5883025,2.3009892,2.6042858, BMP39_9 BMP40_9 BMP41_9 BMP42_9 BMP43_9
10,11 10_0,9,,0,0,0,0,0,0,0,0,0,0,
10_0,,10,,0.081063215,0.045988878,0.07828336,0.095904651,0.075724392,0.8304055,0.3277526,0.6847875,1.0270061,0.7198339, BMP39_10 BMP40_10 BMP41_10 BMP42_10 BMP43_10
11,11_a 12 443,10,,0,0.057086873,0,0.705007316,0,0,0,0,6.721035872,0,
11_a,,11,,-0.100249179,0,-0.530104431,0,-0.047181754,-1.727053401,-1.146149391,-7.74199067,0,-1.800698234,
12,13 413 12_0,11,,0,0,0,0,0,0,0,0,0,0,
12_0,,12,,0.097090599,0.073995018,0.065148019,0.107070684,0.094440103,1.00951127,0.493392153,0.398084342,0.877512589,0.893071797, BMP5_12
13,14 397,12,,0.094872454,0.079484838,0.082329301,0.080974384,0.096210671,1.269081187,0.95046779,1.001559288,0.910337219,1.277462722,
14,15 381,13,,0.140104334,0.107522671,0.101719949,0.149421585,0.135910982,1.870597414,1.331265035,1.291807233,1.800353074,1.833697085,
15,16,14,,0.086067546,0.059763102,0.06829466,0.079853951,0.079588832,1.0549705,0.6231867,0.7414105,0.8566903,0.9589112,
16,17 331,15,,0.044365243,0.034474034,0.027972232,0.054180132,0.043804057,0.371167571,0.170650976,0.060795948,0.417360154,0.337493128,
17,17_a 18 312,16,,0.039315012,0.021449032,0.01823757,0.049034468,0.029393285,0.285019825,0,0,0.320234936,0.125593903,
17_a,,17,,0,0,0,0,0,0,-0.025994482,-0.083947731,0,0,
18,19 150,17,,0.061481154,0.039770602,0.035991181,0.072439882,0.053652436,0.5695562,0.11868415,0.05075589,0.54801629,0.39025033,
19,20,18,,0.071941378,0.054886452,0.055084581,0.079108094,0.071689762,0.69844267,0.3635229,0.2844545,0.68551736,0.5987966,
20,21 302 20_0,19,,0,0,0,0,0,0,0,0,0,0,
20_0,,20,,0.071546015,0.049044737,0.054096936,0.084085676,0.065967832,1.327022892,1.324202647,1.265825193,1.778943231,1.506387768, BMP26_20 BMP27_20 BMP28_20 BMP29_20 BMP30_20 BMP31_20 BMP32_20 BMP33_20 BMP34_20
21,22,20,,0.023772502,0.030750096,0.030293778,0.04108277,0.02530196,0.14390503,0.1439168,0.0972702,0.28920133,0.11240816,
22,23 118,21,,0.031638324,0.055320814,0.065967053,0.047178995,0.03942848,0.26391447,0.4651703,0.53082955,0.38369428,0.31248207,
23,24 266,22,,0.049863571,0.09322059,0.142790813,0.075255105,0.062478634,0.539494945,1.033816937,1.819722614,0.910728085,0.559477307,
24,25 24_0,23,,0,0,0,0,0,0,0,0,0,0,
24_0,,24,,0.190508946,0.284742453,0.326410728,0.174893866,0.218495932,3.09445938,4.6710362,5.28870401,2.86494955,3.60653353, BMP5_24
25,26 231 25_0,24,,0,0,0,0,0,0,0,0,0,0,
25_0,,25,,0.203146782,0.309706257,0.344113582,0.172655569,0.229045165,2.669803319,4.009000505,4.493466851,2.327790336,3.072156948, BMP5_25
26,27 217 26_0,25,,0,0,0,0,0,0,0,0,0,0,
26_0,,26,,0.153332699,0.216415763,0.222369037,0.128551233,0.17394054,1.833112275,2.555211726,2.671890396,1.541061909,2.09701079, BMP5_26
27,28 39 27_0,26,,0,0,0,0,0,0,0,0,0,0,
27_0,,27,,0.040182641,0.063940836,0.064876811,0.035354061,0.04507567,0.472622769,0.71332397,0.71495635,0.44992337,0.53303786, BMP5_27
28,29 28_0,27,,0,0,0,0,0,0,0,0,0,0,
28_0,,28,,0.035618935,0.062995619,0.066674105,0.030436145,0.03723798,0.414866834,0.70575719,0.71478458,0.42066915,0.54333428, BMP8_28
29,30 29_0,28,,0,0,0,0,0,0,0,0,0,0,
29_0,,29,,0.006506153,0.011842315,0.017107694,0.007656149,0.007401286,0.08265142,0.1680166,0.20180995,0.11660751,0.09322008, BMP5_29
30,30_a 31 138,29,,0,0.017304288,0.008339331,0.017412403,0,0.13093595,0.417847135,0.277952839,0.386882449,0.032783232,
30_a,,30,,-0.009674145,0,0,0,-0.012107442,0,0,0,0,0,
31,32 31_0,30,,0,0,0,0,0,0,0,0,0,0,
31_0,,31,,0.002542892,0.007467282,0.009158544,0.006032096,0.004879089,0.029574699,0.05374566,0.06923951,0.04263955,0.03552268, BMP5_31
32,33 91,31,,0.005490259,0.010088677,0.014254899,0.008201349,0.006930858,0.137641276,0.234211054,0.280128362,0.160723712,0.201180521,
33,34 53,32,,0.03578666,0.058992524,0.076737263,0.040772725,0.042964268,0.539381872,0.88102327,1.162978006,0.548358992,0.6289206,
34,35,33,,0.004292826,0.008798115,0.014457734,0.006973408,0.005626187,0.044273474,0.07251467,0.13835743,0.056489874,0.045118504,
35,36 38,34,,0.044838283,0.177840837,0.127655649,0.188674339,0.117127774,1.312817747,6.946972569,9.220253208,5.634385156,4.727787425,
36,37 36_0,35,,0,0,0,0,0,0,0,0,0,0,
36_0,,36,,0.034928227,0.064294254,0.071832248,0.046201299,0.046453984,1.157314262,2.243742612,3.931177239,0.824814389,1.603203367, BMP86_36 BMP87_36 BMP88_36 BMP89_36 BMP90_36 BMP91_36 BMP92_36 BMP93_36 BMP94_36
37,,36,,0.020901148,0.074988588,0.068393237,0.052804625,0.040311043,0.439578524,1.493995507,1.274689755,1.0678163,1.014251448, BMP19_37
38,,35,,0.01984567,0.028060908,0.030283177,0.021845898,0.018187715,0.517231629,0.589922532,0.612109558,0.407579447,0.506134716,
39,40 39_0,27,,0,0,0,0,0,0,0,0,0,0,
39_0,,39,,0.05847052,0.107897449,0.102007149,0.048831734,0.061293726,0.51158912,0.94376555,0.95063383,0.53692631,0.66182465, BMP8_39
40,40_a 41 144,39,,0,0,0,0,0,0,0,0,0,0,
40_a,,40,,-0.038518369,-0.021941303,-0.069076086,-0.009202159,-0.025380584,-2.961918564,-0.068275072,-1.949999441,-1.101367659,-2.590832791,
41,41_a 42,40,,0,0.001938083,0.001999031,0,0.000836998,0.00751252,0.16488498,0.12260974,0.08895921,0.06013097,
41_a,,41,,-0.000319933,0,0,-0.001110833,0,0,0,0,0,0,
42,42_a 43 133,41,,0,0,0,0,0,0,0,0,0,0,
42_a,,42,,-0.054128024,-0.061216238,-0.070440204,-0.073003048,-0.052787914,-1.371784859,-1.206381652,-1.654035421,-5.38855723,-2.094922142,
43,43_a 44 51 54 92 93 94 95,42,,0.014202626,0.037136143,0.033587453,0,0.024645884,6.498522688,8.75156326,8.50517264,7.317329425,8.028303066,
43_a,,43,,0,0,0,-0.010909492,0,0,0,0,0,0,
44,44_a 45,43,,0.000142754,0.000151599,0.000149224,0.000214829,0.000145913,0.001053638,0,0,0.00033057,0.001175139,
44_a,,44,,0,0,0,0,0,0,-0.00087434,-0.001743084,0,0,
45,45_a 46 48 50,44,,0,0,0,0,0,0,0,0,0,0,
45_a,,45,,-0.168919211,-0.241384395,-0.276523808,-0.116832116,-0.189518592,-3.443254073,-4.183258681,-4.893748091,-1.233276795,-4.101359858,
46,47 46_0,45,,0,0,0,0,0,0,0,0,0,0,
46_0,,46,,0.003537583,0.005278428,0.005481336,0.003476111,0.003802494,0.284586572,0.324782508,0.337593347,0.288804739,0.321942512, BMP10_46 BMP11_46 BMP12_46 BMP13_46
47,47_a,46,,0.00927234,0.017726128,0.02068549,0.00890476,0.011584117,0.066711812,0.1712843,0.261961437,0,0.117743415,
47_a,,47,,0,0,0,0,0,0,0,0,-0.036531146,0,
48,49 48_0 48_a,45,,0,0,0,0,0,0,0,0,0,0,
48_0,,48,,0,0,0,0.001061915,0.000291591,0,0,0,0,0.005869076, BMP10_48 BMP11_48 BMP12_48 BMP13_48
48_a,,48,,-0.000406089,-6.34E-05,-0.0003193,0,0,-0.014782179,-0.023085879,-0.016520531,-0.03651251,0,
49,,48,,0.062396939,0.092480813,0.10348254,0.051507682,0.069879494,1.208288923,1.748790053,2.049518096,0.98458755,1.610158919, BMP10_49 BMP11_49 BMP12_49 BMP13_49
50,,45,,0.094146238,0.146297849,0.162939594,0.096493077,0.103930596,1.899419153,2.576474786,2.837654904,1.672548565,2.045402871, BMP10_50 BMP11_50 BMP12_50 BMP13_50
51,52 51_0,43,,0,0,0,0,0,0,0,0,0,0,
51_0,,51,,0.00581925,0.00865575,0.008525131,0.005623093,0.005768981,0.486105983,0.556832831,0.550912453,0.511453021,0.551376165, BMP10_51 BMP11_51 BMP12_51 BMP13_51
52,,51,,0.052813473,0.075432629,0.086741938,0.048197224,0.056468282,1.33864772,1.759948861,1.853736266,1.367357021,1.510863058, BMP10_52 BMP11_52 BMP12_52 BMP13_52
53,,33,,0.052178038,0.085888928,0.108662397,0.05559402,0.061830077,1.12039872,1.80503435,2.205274584,1.275620249,1.48124461, BMP86_53 BMP87_53 BMP88_53 BMP89_53 BMP90_53 BMP91_53 BMP92_53 BMP93_53 BMP94_53
54,55,43,,0.001700415,0.002824794,0.00387204,0.001202741,0.001515161,0.020992591,0.031704195,0.032718338,0.022861714,0.033360826,
55,,54,,0.00554601,0.011882581,0.010909229,0.007502666,0.006860156,0.109747242,0.217832212,0.207704538,0.120970676,0.153218606,
56,57 56_0,7,,0,0,0,0,0,0,0,0,0,0,
56_0,,56,,0.023381915,0.00804125,0.118080863,0.186249567,0.044248894,0.275419327,0.104725775,0.73745356,1.170209322,0.31778347, BMP26_56 BMP27_56 BMP28_56 BMP29_56 BMP30_56 BMP31_56 BMP32_56 BMP33_56 BMP34_56
57_s,57_s_a 58 161 481 482 483,57,,0,0,0,0.822666719,0,0.113988332,0.854711903,0,16.73877493,0,
57_s_a,,57_s,,-0.888737242,-0.08082618,-2.147298324,0,-0.827079855,0,0,-18.03975399,0,-5.273904784,
57,57_s,56 84 89,0 0.42 0.58,0,0,0,0,0,0,0,0,0,0,
58,59 465 58_0,57_s,,0,0,0,0,0,0,0,0,0,0,
58_0,,58,,0.004575402,0.005297506,0.015957736,0.038525327,0.007900542,0.021786366,0.006145631,0.019562158,0.170709901,0.001576189, BMP26_58 BMP27_58 BMP28_58 BMP29_58 BMP30_58 BMP31_58 BMP32_58 BMP33_58 BMP34_58
59,60 461 462 59_0 59_a,58,,0,0,0,0,0,0,0,0,0,0,
59_0,,59,,0.005882033,0.00530524,0.021783141,0.047189409,0.010148504,0.010494517,0.000364303,0.009934562,0.197391656,0, BMP26_59 BMP27_59 BMP28_59 BMP29_59 BMP30_59 BMP31_59 BMP32_59 BMP33_59 BMP34_59
59_a,,59,,0,0,0,0,0,0,0,0,0,-0.011733258,
60,61 60_0,59,,0,0,0,0,0,0,0,0,0,0,
60_0,,60,,0.39250729,0.12479299,0.34437065,0.06524257,0.34084325,1.0873729,0.1675819,0.6197095,0.2479726,0.5503379, BMP26_60 BMP27_60 BMP28_60 BMP29_60 BMP30_60 BMP31_60 BMP32_60 BMP33_60 BMP34_60
61,61_a 62 96 339 376 382 385 389 405 409 414 415 416 417 431 432 433 434 435 436 437 438 439 440 441 442,60,,0,0,0,2.882726374,0,0,6.278788996,0,49.52670784,0,
61_a,,61,,-4.804611919,-0.107985427,-5.366728938,0,-2.359833816,-64.46132159,0,-56.14717076,0,-7.790257582,
62,63 404 62_0,61,,0,0,0,0,0,0,0,0,0,0,
62_0,,62,,0.085706515,0.114141795,0.121105741,0.085882849,0.077564964,2.297274706,2.452940813,2.335329842,2.275761147,2.346631958, BMP26_62 BMP27_62 BMP28_62 BMP29_62 BMP30_62 BMP31_62 BMP32_62 BMP33_62 BMP34_62
63,64 63_0,62,,0,0,0,0,0,0,0,0,0,0,
63_0,,63,,0.051425337,0.045411987,0.049259017,0.04293634,0.052589313,2.02819865,2.24340244,2.37897293,2.08522139,2.419106, BMP10_63 BMP11_63 BMP12_63 BMP13_63
64,65 360 64_0,63,,0,0,0,0,0,0,0,0,0,0,
64_0,,64,,0.136396224,0.139022866,0.187445009,0.084104049,0.137998894,2.53485322,2.64785472,3.0962925,2.11620418,2.8055552, BMP26_64 BMP27_64 BMP28_64 BMP29_64 BMP30_64 BMP31_64 BMP32_64 BMP33_64 BMP34_64
65,66 65_0,64,,0,0,0,0,0,0,0,0,0,0,
65_0,,65,,0.154667355,0.236078037,0.273193825,0.149611318,0.178755201,2.33148917,3.44433408,3.92312452,2.23951329,2.7140224, BMP5_65
66,67 323 66_0,65,,0,0,0,0,0,0,0,0,0,0,
66_0,,66,,0.109004538,0.202269634,0.219548122,0.11061514,0.125814192,1.235925988,2.010245665,2.169212958,1.305121612,1.43921, BMP26_66 BMP27_66 BMP28_66 BMP29_66 BMP30_66 BMP31_66 BMP32_66 BMP33_66 BMP34_66
67,68,66,,0.355952815,0.56504626,0.673446289,0.345277861,0.423749134,4.97662809,8.07316852,9.55569776,4.92104302,6.04149568,
68,69,67,,0.028910139,0.043713438,0.042448199,0.041481226,0.034143217,0.45914987,1.13139131,1.17585747,1.26808192,0.81976618,
69,70 288,68,,0.064582859,0.09074333,0.100785799,0.067140566,0.071727537,0.750261889,1.096671251,1.255632562,0.775953987,0.869538006,
70,71 184,69,,0.020431456,0.026872665,0.026813058,0.025609687,0.022381051,0.191942688,0.279553981,0.275947427,0.261869605,0.238391548,
71,72 234 282,70,,0.017581502,0.027525148,0.025725931,0.022258838,0.019491086,0.195866564,0.34875128,0.320545421,0.259701691,0.282299552,
72,73 257 72_0,71,,0,0,0,0,0,0,0,0,0,0,
72_0,,72,,0.01228666,0.019028347,0.02116203,0.011386396,0.013848134,0.160689259,0.243946227,0.268835225,0.153111196,0.185708805, BMP5_72
73,74 73_0,72,,0,0,0,0,0,0,0,0,0,0,
73_0,,73,,0.27871803,0.329299616,0.313537776,0.272145279,0.297185776,4.01329661,5.04346228,4.78656481,4.33912271,4.54955066, BMP5_73
74,75 218 74_0,73,,0,0,0,0,0,0,0,0,0,0,
74_0,,74,,0.126828622,0.138625963,0.126985077,0.134585426,0.136154658,1.838072983,2.093874557,1.831960934,2.060620114,1.98946871, BMP5_74
75,76 182,74,,0.018163603,0.018278787,0.016596583,0.017799529,0.017793376,0.294194638,0.375756887,0.279248309,0.355628859,0.301576991,
76,77 145,75,,0.030132613,0.031210637,0.028006373,0.029282526,0.029648904,0.573024202,0.772644128,0.54639292,0.671923294,0.574766011,
77,78 148 77_0,76,,0,0,0,0,0,0,0,0,0,0,
77_0,,77,,0.027518348,0.019519764,0.018055351,0.018298548,0.021311705,0.56507009,0.665588913,0.449867512,0.60067001,0.512204515, BMP19_77
78,79 139 78_0,77,,0,0,0,0,0,0,0,0,0,0,
78_0,,78,,0.171784017,0.196501249,0.173617572,0.173119618,0.180605622,2.20507734,2.675188301,2.249488918,2.341199142,2.33700233, BMP5_78
79,80 79_0,78,,0,0,0,0,0,0,0,0,0,0,
79_0,,79,,0.390865376,0.449192562,0.399913861,0.399849256,0.422194546,6.154219219,7.330230923,6.428886555,6.557281176,6.754628233, BMP5_79
80,81 80_0,79,,0,0,0,0,0,0,0,0,0,0,
80_0,,80,,0.088395605,0.088429689,0.082527325,0.087285763,0.091966522,1.073338691,1.178367844,1.022776961,1.155062916,1.126862438, BMP5_80
81,82,80,,0.04471392,0.041680184,0.036588702,0.040302861,0.042636713,0.962778951,0.988623686,0.737329695,0.876276583,0.835928725,
82,82_a 83 90,81,,0.025508671,0.05040782,0.014288046,0.057183728,0.025775515,0,0.089699528,0,0.248913067,0,
82_a,,82,,0,0,0,0,0,-0.108924643,0,-0.229302674,0,-0.04450188,
83,,82,,0.034578464,0.029054345,0.026462457,0.024836043,0.030014411,0.929176348,1.1200018,0.830013405,0.904601377,0.883621098, BMP5_83
84,57,5,,0.04241655,0.03255869,0.17869194,0.33468344,0.07996298,0.4429945,0.1590007,1.4532806,2.6641325,0.5558507,
85,86 512 525 547 85_0,2,,0,0,0,0,0,0,0,0,0,0,
85_0,,85,,0.132321857,0.004914824,0.055844174,0.092618107,0.014169564,1.16758309,0.089088006,0.519988009,0.841955612,0.193220087, BMP26_85 BMP27_85 BMP28_85 BMP29_85 BMP30_85 BMP31_85 BMP32_85 BMP33_85 BMP34_85
86,86_a 87 543,85,,0.015333934,0,0,0,0,0.399235585,0,0,0.228351111,0,
86_a,,86,,0,-0.01484924,-0.025037078,-0.008539751,-0.021184925,0,-0.075182776,-0.063183833,0,-0.059853253,
87,87_a 88 524,86,,0,0,0,0,0,0.114190886,0,0,0.072971225,0,
87_a,,87,,-0.001228663,-0.006128273,-0.016386302,-0.009656556,-0.010118205,0,-0.031968331,-0.075204086,0,-0.034170612,
88,89 88_0,87,,0,0,0,0,0,0,0,0,0,0,
88_0,,88,,0.51270686,0.06797113,0.37253874,0.49690522,0.15016127,3.1046006,0.4626064,2.246139,3.4465083,0.8535491, BMP26_88 BMP27_88 BMP28_88 BMP29_88 BMP30_88 BMP31_88 BMP32_88 BMP33_88 BMP34_88
89,57 89_0 89_a,88,,0,0,0,0,0,0,0,0,0,0,
89_0,,89,,0.00133215,0,0.04981098,0.10179524,0.01561233,0.0391089,0,0.1479759,0.5998313,0.0322679, BMP26_89 BMP27_89 BMP28_89 BMP29_89 BMP30_89 BMP31_89 BMP32_89 BMP33_89 BMP34_89
89_a,,89,,0,-0.00311413,0,0,0,0,-0.0154893,0,0,0,
90,,82,,0.078664363,0.089895435,0.077261561,0.080955493,0.08144185,1.408132974,1.708156199,1.302209098,1.505304121,1.392302206,
91,,32,,0.061173829,0.095404451,0.121059263,0.055487981,0.068606058,1.030083483,1.588810356,1.927785528,0.924335491,1.206131119,
92,,43,,0.081816104,0.140269821,0.182347437,0.086300797,0.094588459,1.22886415,2.113969676,2.736436542,1.299179497,1.464435762, BMP5_92
93,,43,,0.068572942,0.102262123,0.104492538,0.069271859,0.078351319,2.766473101,3.779003083,3.628132852,3.045423249,3.212214974, BMP10_93 BMP11_93 BMP12_93 BMP13_93
94,,43,,0.090895748,0.161446709,0.191706054,0.08793452,0.097895317,1.422272639,2.480332645,2.684918358,1.360290302,1.826878074, BMP10_94 BMP11_94 BMP12_94 BMP13_94
95,,43,,0.029988424,0.04199245,0.042871234,0.034891933,0.03387214,2.02802309,3.17361884,3.091865355,2.571340132,2.848833325, BMP10_95 BMP11_95 BMP12_95 BMP13_95
96,97 96_0 96_a,61,,0,0,0,0,0,0,0,0,0,0,
96_0,,96,,0.010179613,0.00218284,0.008405478,0.00616058,0.00829472,0,0,0,0.0351399,0.0033395, BMP26_96 BMP27_96 BMP28_96 BMP29_96 BMP30_96 BMP31_96 BMP32_96 BMP33_96 BMP34_96
96_a,,96,,0,0,0,0,0,-0.0067489,-0.0003931,-0.0115406,0,0,
97,98 374 388 97_0,96,,0,0,0,0,0,0,0,0,0,0,
97_0,,97,,0.100697931,0.031830386,0.088332207,0.021676092,0.08392858,0.747429781,0.389351829,0.596484975,0.285156416,0.58953175, BMP26_97 BMP27_97 BMP28_97 BMP29_97 BMP30_97 BMP31_97 BMP32_97 BMP33_97 BMP34_97
98,99 98_0,97,,0,0,0,0,0,0,0,0,0,0,
98_0,,98,,0.066078159,0.02714622,0.059859556,0.01934735,0.04971508,0.8491948,0.8554195,0.9641073,0.894127,0.9893941, BMP26_98 BMP27_98 BMP28_98 BMP29_98 BMP30_98 BMP31_98 BMP32_98 BMP33_98 BMP34_98
99,99_a 100 192 326 334 362 363 364 365,98,,0,0,0,2.246948865,0,0,15.77291218,0,45.75496603,0,
99_a,,99,,-3.339407859,-0.020533729,-2.705236432,0,-1.932465625,-37.85692685,0,-23.96371863,0,-6.063190501,
100,101 333,99,,0.058610198,0.116889538,0.102045584,0.129190992,0.114009943,1.297770701,2.789501539,2.576770042,2.767061337,2.473339827,
101,102 325 101_0,100,,0,0,0,0,0,0,0,0,0,0,
101_0,,101,,0.066375685,0.053875835,0.0499405,0.063890669,0.067117883,0.540271145,0.59071015,0.431948406,0.650388834,0.507688852, BMP26_101 BMP27_101 BMP28_101 BMP29_101 BMP30_101 BMP31_101 BMP32_101 BMP33_101 BMP34_101
102,103 239 268 102_0,101,,0,0,0,0,0,0,0,0,0,0,
102_0,,102,,0.186077078,0.143512795,0.135658183,0.163043498,0.186750977,1.04161782,0.88761714,0.59529931,1.02563667,0.78710985, BMP26_102 BMP27_102 BMP28_102 BMP29_102 BMP30_102 BMP31_102 BMP32_102 BMP33_102 BMP34_102
103,104 103_0,102,,0,0,0,0,0,0,0,0,0,0,
103_0,,103,,0.106588894,0.069540826,0.085328665,0.098327788,0.118090311,0.61932475,0.33418727,0.31158343,0.59177271,0.51650964, BMP26_103 BMP27_103 BMP28_103 BMP29_103 BMP30_103 BMP31_103 BMP32_103 BMP33_103 BMP34_103
104,105 291,103,,0.045498206,0.043550512,0.039467255,0.04723,0.048329918,0.54243148,0.575458551,0.488522787,0.632806224,0.585127529,
105,106 260,104,,0.0074048,0.006311782,0.005578633,0.007241525,0.007278253,0.078724246,0.07473229,0.061707515,0.091372032,0.078980155,
106,107 106_0,105,,0,0,0,0,0,0,0,0,0,0,
106_0,,106,,0.193429372,0.21680947,0.187026611,0.199081076,0.202835983,3.67548466,4.4699382,3.6528968,4.08712832,3.93467366, BMP5_106
107,108 263 264 107_0,106,,0,0,0,0,0,0,0,0,0,0,
107_0,,107,,0.022347993,0.023029243,0.018662859,0.022616022,0.022515052,0.440174772,0.5269859,0.400890039,0.504189072,0.459173766, BMP5_107
108,109 108_0,107,,0,0,0,0,0,0,0,0,0,0,
108_0,,108,,0.019983704,0.0197622,0.016962981,0.018098731,0.018690545,0.28410567,0.3420499,0.24935782,0.31199186,0.28457918, BMP5_108
109,109_a 110 221 222,108,,0.012500935,0.017205091,0,0.044536034,0.022105376,0,0,0,0,0,
109_a,,109,,0,0,-0.013600757,0,0,-1.353339496,-0.575709763,-0.019443665,-1.135557452,-0.425010012,
110,111 110_0,109,,0,0,0,0,0,0,0,0,0,0,
110_0,,110,,0.026856724,0.024850794,0.023014483,0.023500822,0.024915672,1.09662337,1.21062939,1.10376071,1.17476313,1.12774297, BMP10_110 BMP11_110 BMP12_110 BMP13_110
111,112 149,110,,0.023192151,0.08538831,0.043082041,0.086290641,0.046875631,4.302893193,7.190313487,7.34997799,6.57177824,6.198140747,
112,113 112_0,111,,0,0,0,0,0,0,0,0,0,0,
112_0,,112,,0.008821521,0.008796153,0.006077524,0.009595151,0.008558289,0.701621007,0.77907517,0.718089634,0.77831609,0.741498798, BMP10_112 BMP11_112 BMP12_112 BMP13_112
113,114 134 141,112,,0.078291709,0.209744197,0.00880596,0.255370274,0.08973019,3.138370421,7.891262394,1.166088975,8.997971863,4.383665786,
114,115 114_0,113,,0,0,0,0,0,0,0,0,0,0,
114_0,,114,,0.010055599,0.010699037,0.009798728,0.010189245,0.010177605,0.883787989,1.04633911,0.927786898,0.972919465,0.980435033, BMP10_114 BMP11_114 BMP12_114 BMP13_114
115,116 117,114,,0.008154688,0.019506629,0.013552975,0.018260642,0.012159852,0.32606715,0.501897747,0.651349749,0.401893947,0.518735452,
116,,115,,0.079813297,0.079609376,0.064838945,0.073966598,0.078788133,0.906155515,1.258733744,0.843092079,1.082082849,0.914188977,
117,,115,,0.06161376,0.058947798,0.056165621,0.054725512,0.058771601,1.712272687,2.049053161,1.708299985,1.869140194,1.772655665,
118,119 227 118_0,22,,0,0,0,0,0,0,0,0,0,0,
118_0,,118,,0.110993114,0.187815475,0.217660089,0.156850774,0.138062481,1.383472982,2.303890609,2.72908085,1.661290514,1.633606309, BMP19_118
119,120 247,118,,0.019445358,0.04008002,0.043456226,0.033034331,0.025499339,0.149654292,0.314261226,0.361763469,0.203428983,0.179992723,
120,121,119,,0.08794476,0.155623716,0.203104616,0.106420093,0.109757397,1.19271655,2.2885804,2.75120917,1.25916964,1.57766239,
121,122 216 121_0,120,,0,0,0,0,0,0,0,0,0,0,
121_0,,121,,0.340226152,0.490540763,0.556286111,0.317892512,0.392371775,5.148579509,7.363573782,8.317489392,4.50894558,5.881861475, BMP5_121
122,123 160 122_0,121,,0,0,0,0,0,0,0,0,0,0,
122_0,,122,,0.100634945,0.158616441,0.203356695,0.091395715,0.115450785,1.584487489,2.500071697,3.171599654,1.440532615,1.843185586, BMP5_122
123,124 128,122,,0.00592817,0.009153037,0.012535977,0.006351003,0.006349202,0.061255286,0.097741821,0.140272757,0.068579668,0.06447836,
124,125 142,123,,0.018592307,0.035099171,0.063007042,0.022187824,0.01994042,0.259836199,0.491495191,0.789934808,0.289604086,0.251909179,
125,126 136 125_0,124,,0,0,0,0,0,0,0,0,0,0,
125_0,,125,,0.021989817,0.043703385,0.045160522,0.018701188,0.024377104,0.153476023,0.303914282,0.330435746,0.167622605,0.206321587, BMP8_125
126,127 126_0,125,,0,0,0,0,0,0,0,0,0,0,
126_0,,126,,0.092153483,0.178193217,0.167189133,0.089953884,0.101731518,1.121621897,2.549261704,4.057248423,1.125784902,1.720110368, BMP8_126
127,,126,,0.0518984,0.099980654,0.140090671,0.054931123,0.060566794,1.229247003,2.385972864,3.904041797,1.145263651,1.683890254, BMP86_127 BMP87_127 BMP88_127 BMP89_127 BMP90_127 BMP91_127 BMP92_127 BMP93_127 BMP94_127
128,129 143 128_0,123,,0,0,0,0,0,0,0,0,0,0,
128_0,,128,,0.057069449,0.084439763,0.08626186,0.049992254,0.061233686,0.617868388,0.899632251,0.96250721,0.515238391,0.65629479, BMP5_128
129,130 137,128,,0.002381636,0.005316723,0.008026646,0.002844854,0.001901358,0.014162285,0.038804604,0.07520435,0.018292165,0.009374587,
130,131 132,129,,0.001315885,0.003952752,0.004431559,0.002573945,0.001641746,0.006808641,0.022708989,0.026739333,0.016593528,0.012498076,
131,,130,,0.003829781,0.00567485,0.007190087,0.006419607,0.003484333,0.030208647,0.049796937,0.066855024,0.064466698,0.030448218,
132,,130,,0.004534217,0.010268996,0.01472397,0.007296934,0.006657287,0.089833158,0.156974513,0.216279537,0.11011065,0.10244518,
133,,42,,0.040614405,0.073669042,0.099594957,0.035065469,0.042529031,0.577113629,0.968013182,1.322677711,0.52105972,0.674253242,
134,135,113,,0,0,0,0,0,0,0,0,0,0,
135,,134,,0,0,0,0,0,0,0,0,0,0, BMP10_135 BMP11_135 BMP12_135 BMP13_135
136,,125,,0.057789987,0.1246408,0.12430133,0.12628689,0.092792989,1.033382648,5.9002902,8.363730564,7.659581572,3.016081936,
137,,129,,0.038580999,0.081353377,0.085832259,0.05148026,0.056785926,0.508256004,0.818847773,0.921951112,0.553276296,0.627315357, BMP5_137
138,,30,,0.091273811,0.134234838,0.158025191,0.088076145,0.100790513,1.621165811,2.335140545,2.671583551,1.532650511,1.847855848, BMP5_138
139,140 139_0,78,,0,0,0,0,0,0,0,0,0,0,
139_0,,139,,0.039705004,0.046771399,0.04176899,0.041992889,0.04229354,0.660260515,0.81169496,0.698977686,0.728365875,0.717311498, BMP19_139
140,,139,,0.052161343,0.091428286,0.027333463,0.110254675,0.064728195,1.249531015,1.932733179,0.909339676,2.244419293,1.613118932, BMP10_140 BMP11_140 BMP12_140 BMP13_140
141,,113,,0.060447267,0.038802678,0.028557369,0.040882875,0.044546371,0.87710624,1.133988734,0.71528815,1.014112262,0.820757159, BMP10_141 BMP11_141 BMP12_141 BMP13_141
142,,124,,0.030952123,0.069452889,0.101175641,0.038818611,0.035835237,1.316103183,4.107575529,7.404663312,2.029263284,2.829261609,
143,,128,,0.010162138,0.023738125,0.013297038,0.008160473,0.006391566,0.100988667,0.164254142,0.159269317,0.061448714,0.051389539,
144,,40,,0.036872702,0.07801957,0.072834498,0.039883757,0.036942657,0.375579094,0.746963662,0.877932901,0.456541789,0.424428631,
145,146,76,,0.088790011,0.084949281,0.079346935,0.077698871,0.083745788,1.79915493,2.335602581,1.690545258,2.038304845,1.811228811,
146,147 146_0,145,,0,0,0,0,0,0,0,0,0,0,
146_0,,146,,0.010229317,0.009325636,0.008814621,0.008872107,0.009199116,0.261934455,0.321893232,0.272241982,0.28318796,0.27888184, BMP19_146
147,,146,,0.009741288,0.011731164,0.009071859,0.009848637,0.009709809,0.151051323,0.144148439,0.11037715,0.117837131,0.119401448, BMP19_147
148,,77,,0.030088211,0.036026735,0.032056343,0.036747344,0.035131576,2.29081276,3.875763387,3.357877068,3.51805528,3.659876975, BMP19_148
149,,111,,0.112259735,0.073293202,0.070608906,0.067567472,0.08207312,1.351737618,1.805927923,1.13950498,1.53055151,1.266685693, BMP10_149 BMP11_149 BMP12_149 BMP13_149
150,150_a 151,18,,0.051628571,0.045008777,0.002130382,0.106176772,0.045911794,0.39002249,0.21892471,0,0.8052174,0.37918912,
150_a,,150,,0,0,0,0,0,0,0,-0.25029428,0,0,
151,152 286 301,150,,0.119543519,0.071709049,0.226381659,0.163763285,0.146785687,1.713668418,1.070060078,3.298070438,2.26136807,2.162503722,
152,153 279 152_0,151,,0,0,0,0,0,0,0,0,0,0,
152_0,,152,,0.033995157,0.028454056,0.057366305,0.086866299,0.04977732,0.080727896,0.085739836,0.594513158,0.55206665,0.487684476, BMP26_152 BMP27_152 BMP28_152 BMP29_152 BMP30_152 BMP31_152 BMP32_152 BMP33_152 BMP34_152
153,154 278,152,,0.073053055,0.066153622,0.106192746,0.149709616,0.100620825,0.408305764,0.301184606,1.081737032,1.07493359,0.906702172,
154,155,153,,0.114152326,0.067884856,0.242382497,0.171564757,0.191157035,1.82498187,1.10815252,3.58169909,2.70333113,2.68880027,
155,156 246 155_0,154,,0,0,0,0,0,0,0,0,0,0,
155_0,,155,,0.155461498,0.130471428,0.273547716,0.197419797,0.227701929,5.850435842,5.935874054,8.643132679,7.357004786,7.407412557, BMP10_155 BMP11_155 BMP12_155 BMP13_155
156,157 212,155,,0.012817888,0.008692828,0.014329098,0.009827979,0.014851541,0.054183365,0.05106722,0.085832721,0.143630522,0.082560443,
157,158 214 215,156,,0.063052275,0.03258221,0.118329322,0.083447318,0.120185237,0.878256902,0.554352492,1.992725464,1.731412279,1.49350178,
158,159 158_0,157,,0,0,0,0,0,0,0,0,0,0,
158_0,,158,,0.011058208,0.007290364,0.017921871,0.010895495,0.018241969,0.088780874,0.063115895,0.193767161,0.147212378,0.129515776, BMP8_158
159,,158,,0.176786442,0.126015843,0.35698391,0.233576211,0.264066952,3.607872358,3.108828874,6.459091654,4.817238403,5.156923918, BMP26_159 BMP27_159 BMP28_159 BMP29_159 BMP30_159 BMP31_159 BMP32_159 BMP33_159 BMP34_159
160,,122,,0.08795058,0.140571175,0.172293291,0.074201288,0.093743854,1.208092372,1.867993083,2.421698336,1.061962115,1.399661284, BMP5_160
161,162 464 161_0 161_a,57_s,,0,0,0,0,0,0,0,0,0,0,
161_0,,161,,0.003723378,0.004104113,0.013093279,0.030873406,0.006851006,0.013290661,0.000349501,0,0.130750584,0, BMP26_161 BMP27_161 BMP28_161 BMP29_161 BMP30_161 BMP31_161 BMP32_161 BMP33_161 BMP34_161
161_a,,161,,0,0,0,0,0,0,0,-0.007853811,0,-0.00634775,
162,163 162_0,161,,0,0,0,0,0,0,0,0,0,0,
162_0,,162,,0.11388007,0.01770297,0.089802881,0.12665173,0.035449806,1.0538162,0.13078588,0.7373966,1.076748,0.25942825, BMP26_162 BMP27_162 BMP28_162 BMP29_162 BMP30_162 BMP31_162 BMP32_162 BMP33_162 BMP34_162
163,164 163_0,162,,0,0,0,0,0,0,0,0,0,0,
163_0,,163,,0.42057413,0.055339828,0.334036514,0.40701223,0.12941117,4.2028482,0.60431565,3.6756695,4.3382376,1.42853616, BMP26_163 BMP27_163 BMP28_163 BMP29_163 BMP30_163 BMP31_163 BMP32_163 BMP33_163 BMP34_163
164,165 366 395 412 164_0,163,,0,0,0,0,0,0,0,0,0,0,
164_0,,164,,0.156535478,0.027139716,0.114675843,0.129026482,0.04861295,1.243198218,0.229894385,1.048816591,1.408870012,0.419485802, BMP26_164 BMP27_164 BMP28_164 BMP29_164 BMP30_164 BMP31_164 BMP32_164 BMP33_164 BMP34_164
165,166 394 165_0,164,,0,0,0,0,0,0,0,0,0,0,
165_0,,165,,0.485789738,0.037852966,0.316210759,0.358736936,0.105946632,3.030116034,0.21522402,2.105098397,3.096545976,0.652253528, BMP26_165 BMP27_165 BMP28_165 BMP29_165 BMP30_165 BMP31_165 BMP32_165 BMP33_165 BMP34_165
166,167,165,,0.058319638,0.004892716,0.028140808,0.043005983,0.008501675,0.6457295,0.00250294,0.27206581,0.5027417,0.04925589,
167,167_a 168 315 371,166,,0,0,0,0,0,0,0,0.249810342,2.271415912,0,
167_a,,167,,-0.580011233,-0.479758292,-0.662505046,-0.377259424,-0.469551173,-0.649371645,-3.449037022,0,0,-2.437094591,
168,169,167,,0.087376285,0.036580394,0.069420149,0.071503019,0.039869208,0.88649646,0.47050491,0.79927891,0.90674128,0.52763359,
169,170 169_0,168,,0,0,0,0,0,0,0,0,0,0,
169_0,,169,,0.097159392,0.031266641,0.078670144,0.083798758,0.040882593,1.6676679,1.49594278,1.99836997,2.14182806,1.60777373, BMP26_169 BMP27_169 BMP28_169 BMP29_169 BMP30_169 BMP31_169 BMP32_169 BMP33_169 BMP34_169
170,170_a 171 206 304 320 321 322,169,,0,0,0,0,0,3.840896489,1.609421086,7.940719467,14.02510564,0.967797529,
170_a,,170,,-0.500253947,-0.150409613,-0.443805989,-0.107116266,-0.255960084,0,0,0,0,0,
171,172 171_0,170,,0,0,0,0,0,0,0,0,0,0,
171_0,,171,,0.145060046,0.058869822,0.114953776,0.12419087,0.061651831,1.81414131,0.81111513,1.81477837,1.68501755,0.881308679, BMP86_171 BMP87_171 BMP88_171 BMP89_171 BMP90_171 BMP91_171 BMP92_171 BMP93_171 BMP94_171
172,173,171,,0.165638373,0.105264066,0.175224271,0.168484892,0.106881262,3.42503549,1.61374572,3.38100429,3.10852334,1.850141254,
173,174 173_0,172,,0,0,0,0,0,0,0,0,0,0,
173_0,,173,,0.124914388,0.019374251,0.073358402,0.091861102,0.026721591,1.7812548,0.36628602,1.348065441,1.40157009,0.538377364, BMP26_173 BMP27_173 BMP28_173 BMP29_173 BMP30_173 BMP31_173 BMP32_173 BMP33_173 BMP34_173
174,175 174_0,173,,0,0,0,0,0,0,0,0,0,0,
174_0,,174,,0.156369207,0.108291409,0.058760078,0.234531379,0.0298958,3.16688811,1.77838112,1.397538349,4.17247664,0.676749425, BMP26_174 BMP27_174 BMP28_174 BMP29_174 BMP30_174 BMP31_174 BMP32_174 BMP33_174 BMP34_174
175,176 175_0,174,,0,0,0,0,0,0,0,0,0,0,
175_0,,175,,0.009141538,0.005511441,0.006102357,0.009879385,0.004449187,0.06189346,0.009592333,0.02801301,0.05584045,0.007998865, BMP26_175 BMP27_175 BMP28_175 BMP29_175 BMP30_175 BMP31_175 BMP32_175 BMP33_175 BMP34_175
176,176_a 177 249 250,175,,0,0.231583748,0,0.221920659,0,0.475898353,2.764637631,0,5.018162648,0,
176_a,,176,,-0.321768478,0,-0.376578969,0,-0.105628329,0,0,-2.210071946,0,-0.641968848,
177,178 232 233,176,,0.088887717,0.013844274,0.060393701,0.074346599,0.025109753,0.477155404,0.055824069,0.328578426,0.669755619,0.117484657,
178,179 178_0,177,,0,0,0,0,0,0,0,0,0,0,
178_0,,178,,0.240590517,0.027372856,0.146440612,0.180292426,0.057228031,2.030422847,0.320324336,1.387424914,1.844547543,0.536780596, BMP26_178 BMP27_178 BMP28_178 BMP29_178 BMP30_178 BMP31_178 BMP32_178 BMP33_178 BMP34_178
179,180 181,178,,0.142265554,0.023131815,0.091301198,0.110090787,0.038198262,1.209796799,0.227592445,0.860198493,1.349725041,0.355503678,
180,,179,,0.213763595,0.064922903,0.173066353,0.177410203,0.079697619,2.607659478,1.007527289,2.393862869,2.414292568,1.19193256, BMP86_180 BMP87_180 BMP88_180 BMP89_180 BMP90_180 BMP91_180 BMP92_180 BMP93_180 BMP94_180
181,,179,,0.032731355,0.004854683,0.01712617,0.0232087,0.007187774,0.307400611,0.046753401,0.160315441,0.289179413,0.063820782,
182,183 182_0,75,,0,0,0,0,0,0,0,0,0,0,
182_0,,182,,0.023534698,0.023524182,0.020028908,0.020214857,0.021208729,0.541773781,0.769020147,0.523892084,0.654277971,0.568222251, BMP5_182
183,,182,,0.06008864,0.063815404,0.058590466,0.056000112,0.059678125,1.725527981,2.010436536,1.859935097,1.76977265,1.863681098, BMP5_183
184,185 283 184_0,70,,0,0,0,0,0,0,0,0,0,0,
184_0,,184,,0.055192028,0.077894311,0.091935986,0.05081007,0.062488504,0.897384123,1.263270648,1.45987564,0.833544051,1.049289375, BMP5_184
185,186 185_0,184,,0,0,0,0,0,0,0,0,0,0,
185_0,,185,,0.001337589,0.003649264,0.004536523,0.001707815,0.00177483,0.038043127,0.041309975,0.058451244,0.024080262,0.032662573, BMP5_185
186,187 186_0,185,,0,0,0,0,0,0,0,0,0,0,
186_0,,186,,0.007042222,0.011848126,0.011670821,0.007086002,0.007440516,0.076811788,0.162789495,0.150874236,0.072534853,0.150368915, BMP19_186
187,187_a 188 238,186,,0.021991575,0.01815536,0.017484553,0.012696675,0.018045068,0.138053371,0.046444058,0.043591679,0,0.054191428,
187_a,,187,,0,0,0,0,0,0,0,0,-0.000719304,0,
188,189 188_0,187,,0,0,0,0,0,0,0,0,0,0,
188_0,,188,,0.001552289,0.003430986,0.003142065,0.001975341,0.001662631,0.012559403,0.022593996,0.021798845,0.009362534,0.017652564, BMP9_188
189,190 191,188,,0.030102101,0.078410678,0.056474369,0.072094271,0.025904617,0.408868119,2.526361148,2.320032914,2.691439398,1.687939578,
190,,189,,0.076032527,0.107820203,0.114994242,0.071943023,0.077616322,2.038442461,2.184870091,2.292104103,1.328185188,1.727730008, BMP10_190 BMP11_190 BMP12_190 BMP13_190
191,191_a,189,,0,0.046767943,0.011261593,0.059189333,0,0,0.180515137,0,0.572475076,0,
191_a,,191,,-0.099602564,0,0,0,-0.005841086,-2.306997244,0,-0.576376146,0,-1.014984941,
192,193 192_0,99,,0,0,0,0,0,0,0,0,0,0,
192_0,,192,,0.096141559,0.13584777,0.110455357,0.08977312,0.127000119,1.84941057,2.5464438,2.18968323,2.5276863,2.33335524, BMP10_192 BMP11_192 BMP12_192 BMP13_192
193,194 193_0,192,,0,0,0,0,0,0,0,0,0,0,
193_0,,193,,0.256741603,0.398387592,0.358462967,0.215814943,0.400877711,0.38393842,0.62826784,0.48935033,0.71306652,0.48636245, BMP26_193 BMP27_193 BMP28_193 BMP29_193 BMP30_193 BMP31_193 BMP32_193 BMP33_193 BMP34_193
194,194_a 195 294 307 308 309 310 311,193,,0,0.124758234,0,0.537737851,0,0.643725201,3.779932395,0,8.353864216,0,
194_a,,194,,-0.149274078,0,-0.220787725,0,-0.043444934,0,0,-4.263945213,0,-0.862598488,
195,195_a 196,194,,0.000606484,0.001791636,0,0.00308004,0.00111884,0.00350851,0.01911645,0,0.03411753,0.00320378,
195_a,,195,,0,0,-0.000650619,0,0,0,0,-0.0131632,0,0,
196,196_a 197 298 299 300,195,,0,0,0,0.082228748,0,2.550604606,4.418600707,2.750056734,5.282167366,4.212702385,
196_a,,196,,-0.060626729,-0.079539458,-0.173300071,0,-0.094297093,0,0,0,0,0,
197,198 197_0,196,,0,0,0,0,0,0,0,0,0,0,
197_0,,197,,0.071400501,0.116367893,0.08726163,0.088768247,0.123472046,0.79579989,1.23975311,0.88073597,1.16994038,1.33343311, BMP35_197 BMP36_197 BMP37_197 BMP38_197
198,199 198_0,197,,0,0,0,0,0,0,0,0,0,0,
198_0,,198,,0.05878371,0.103826514,0.085081023,0.067361925,0.10220987,0.23708929,0.39168787,0.26630742,0.44766915,0.34996995, BMP39_198 BMP40_198 BMP41_198 BMP42_198 BMP43_198
199,199_a 200 224 265,198,,0,0,0,0,0,0,0.230613369,0,1.019983353,0.109248137,
199_a,,199,,-0.10151607,-0.124894891,-0.173665041,-0.028280441,-0.144595335,-0.313760136,0,-0.820811419,0,0,
200,201 200_0,199,,0,0,0,0,0,0,0,0,0,0,
200_0,,200,,0.016697698,0.026077391,0.017838873,0.021610904,0.028145358,0.21985309,0.337067889,0.240227196,0.28222779,0.355073863, BMP39_200 BMP40_200 BMP41_200 BMP42_200 BMP43_200
201,201_a 202 204 223,200,,0,0,0,0.045818929,0,0.147547051,0,0,0.713658125,0.171277995,
201_a,,201,,-0.040376084,-0.077151676,-0.156067926,0,-0.068780556,0,-0.031172101,-0.878012415,0,0,
202,203,201,,0.143585439,0.168968105,0.150735047,0.161668968,0.180030974,1.379911239,1.563717791,1.442632039,1.723798171,1.629126351,
203,,202,,0.164860213,0.267070158,0.195192846,0.204750404,0.257291562,2.037989913,3.147327853,2.395453334,2.677486234,3.091424366, BMP35_203 BMP36_203 BMP37_203 BMP38_203
204,205 204_0,201,,0,0,0,0,0,0,0,0,0,0,
204_0,,204,,0.101410411,0.025865916,0.068892563,0.093139203,0.037261575,1.0673586,0.351842487,0.901870886,1.227641712,0.50007177, BMP39_204 BMP40_204 BMP41_204 BMP42_204 BMP43_204
205_s,,205,,0.176899416,0.032511056,0.12107212,0.135497144,0.051459819,2.655438761,1.29934559,2.499548302,2.723827009,1.52725213,
205,205_s,204 211,0.8173894786844199 0.18261052131558014,0,0,0,0,0,0,0,0,0,0,
206,207 306 206_0,170,,0,0,0,0,0,0,0,0,0,0,
206_0,,206,,0.003390735,0.002415507,0.0028836,0.003631546,0.002365513,0.376823569,0.380724351,0.421624113,0.431499288,0.400440897, BMP10_206 BMP11_206 BMP12_206 BMP13_206
207,207_a 208,206,,0,0,0,0,0,1.32128758,0.856930602,1.413578166,3.65095115,0.903741863,
207_a,,207,,-0.080244112,-0.066359228,-0.074030131,-0.02658131,-0.123546791,0,0,0,0,0,
208,209 208_0,207,,0,0,0,0,0,0,0,0,0,0,
208_0,,208,,0.068552838,0.0112591,0.048741195,0.053756106,0.019850512,0.42668928,0.239082355,0.455181476,0.58918664,0.312608977, BMP26_208 BMP27_208 BMP28_208 BMP29_208 BMP30_208 BMP31_208 BMP32_208 BMP33_208 BMP34_208
209,209_a 210 251 281,208,,0,0,0,0,0,0.019965531,0,0,0.36798748,0.066923042,
209_a,,209,,-0.060359903,-0.069824027,-0.082982711,-0.025534556,-0.080670929,0,-0.04635672,-0.036764893,0,0,
210,210_a 211 267,209,,0.000263317,0.00018589,0,0.001148664,0.000105595,0,0,0,0.008790553,0,
210_a,,210,,0,0,-0.000334555,0,0,-0.002625201,-0.007186046,-0.015513303,0,-0.012378823,
211,211_a 205,210,,0,0,0,0,0,0,0,0,0.279988109,0,
211_a,,211,,-0.060905992,-0.041887486,-0.067229771,-0.022715793,-0.062582252,-0.516743788,-0.788440298,-1.040117431,0,-0.609094799,
212,213,156,,0.014442153,0.010551221,0.01802867,0.013007774,0.019705327,0.10796611,0.097723684,0.165077065,0.213786391,0.136997044,
213,,212,,0.047234406,0.039249134,0.082343234,0.056239386,0.06009703,1.594326128,1.343418484,2.043481194,1.902158007,1.972519623,
214,,157,,0.158600842,0.129571276,0.286965919,0.182853178,0.200453796,2.004030165,1.808221009,3.636578449,2.554281259,2.646343245, BMP5_214
215,,157,,0.066209676,0.051149925,0.121180877,0.08255737,0.125633417,2.248332838,3.112788202,4.296524802,4.143579431,4.188189831, BMP86_215 BMP87_215 BMP88_215 BMP89_215 BMP90_215 BMP91_215 BMP92_215 BMP93_215 BMP94_215
216,,121,,0.110905039,0.204997479,0.230355098,0.129315049,0.149341234,2.353098231,5.788673468,7.594112268,4.75303777,3.997248515, BMP5_216
217,,26,,0.080109385,0.118847244,0.13107546,0.065488592,0.087190756,1.112888685,1.603687974,1.815343074,0.929473291,1.28472116, BMP5_217
218,219 220 218_0,74,,0,0,0,0,0,0,0,0,0,0,
218_0,,218,,0.017667956,0.017779882,0.015925047,0.017476498,0.017375608,0.351556389,0.453367905,0.345050262,0.409788539,0.373711983, BMP5_218
219,,218,,0.024832265,0.024348289,0.02154177,0.019950939,0.022286083,0.554729383,0.744074836,0.53408471,0.630707103,0.571302508, BMP5_219
220,,218,,0.03184699,0.035078855,0.031766057,0.025797456,0.028047074,0.658381985,0.940530142,0.723893444,0.768052194,0.718332759, BMP5_220
221,,109,,0.04551215,0.036075845,0.039685371,0.038004731,0.046397437,0.413080597,0.388961995,0.366906022,0.389381339,0.390958774, BMP5_221
222,,109,,0.151830643,0.123241987,0.131803068,0.126725631,0.155478452,2.163905549,2.284800388,2.090927803,2.388795673,2.245596148, BMP10_222 BMP11_222 BMP12_222 BMP13_222
223,,201,,0.173050251,0.194109629,0.173987758,0.210719597,0.20604717,1.955855479,1.628749096,1.703993237,2.339030608,1.718062542, BMP39_223 BMP40_223 BMP41_223 BMP42_223 BMP43_223
224,225 224_0,199,,0,0,0,0,0,0,0,0,0,0,
224_0,,224,,0.008360183,0.016210911,0.011264219,0.013298344,0.016128854,0.059522475,0.115168584,0.058988588,0.168253457,0.110885806, BMP39_224 BMP40_224 BMP41_224 BMP42_224 BMP43_224
225,225_a 226,224,,0,0,0,0,0,0,0,0,0.934297302,0,
225_a,,225,,-0.208195129,-0.2755259,-0.337482939,-0.128988746,-0.304396524,-1.592886178,-0.403161761,-1.784790986,0,-0.076264124,
226,,225,,0.430914236,0.661281973,0.515740638,0.580838184,0.693352515,4.901099675,6.732556399,5.323546255,6.614895423,6.933853797, BMP26_226 BMP27_226 BMP28_226 BMP29_226 BMP30_226 BMP31_226 BMP32_226 BMP33_226 BMP34_226
227,228 248,118,,0.00992141,0.017783269,0.028940996,0.013164474,0.011045336,0.149823962,0.429585848,0.71242879,0.19650332,0.371280862,
228,229 230,227,,0.02159821,0.030535802,0.033540611,0.028583852,0.024232347,0.171252773,0.402483128,0.518545413,0.199749848,0.320265744,
229,,228,,0.018729305,0.027333956,0.031891958,0.019305564,0.019949774,0.257866806,0.5423822,0.485373333,0.300752046,0.404258632, BMP9_229
230,,228,,0.121011191,0.194308177,0.258878738,0.143352379,0.142983248,3.831264397,5.831460977,6.543934143,4.87014928,5.322366108,
231,,25,,0.054116966,0.093076501,0.091096369,0.041724358,0.055649019,0.914975581,1.387388245,1.383915229,0.732404984,1.056981392, BMP5_231
232,,177,,0.020063934,0.00475571,0.012524565,0.020976761,0.00606644,0.109783582,0.021136109,0.083381144,0.303280061,0.031969958, BMP39_232 BMP40_232 BMP41_232 BMP42_232 BMP43_232
233,,177,,0.224319615,0.039909751,0.164211969,0.180856964,0.066660912,2.23302555,0.40913952,1.775366287,2.282170947,0.698983155, BMP26_233 BMP27_233 BMP28_233 BMP29_233 BMP30_233 BMP31_233 BMP32_233 BMP33_233 BMP34_233
234,235 234_0,71,,0,0,0,0,0,0,0,0,0,0,
234_0,,234,,0.029241913,0.031135151,0.033352845,0.023664468,0.027666545,0.533532357,0.645258895,0.653977478,0.498176683,0.569416492, BMP5_234
235,236 259 235_0,234,,0,0,0,0,0,0,0,0,0,0,
235_0,,235,,0.002439528,0.003528326,0.003253588,0.001877684,0.002330268,0.062836891,0.100514866,0.090147981,0.059634812,0.08822389, BMP5_235
236,237 236_0,235,,0,0,0,0,0,0,0,0,0,0,
236_0,,236,,0.057264681,0.052618163,0.048196365,0.0447045,0.051406744,1.456208078,2.022581728,1.472688373,1.824449517,1.551989601, BMP5_236
237,,236,,0.047798065,0.04241507,0.036352585,0.037933044,0.040473592,1.145128597,1.492767012,0.996471158,1.271324497,1.103620264, BMP5_237
238,,187,,0.008058699,0.014512416,0.0164915,0.00581474,0.008082205,0.157871081,0.249561276,0.247912384,0.126878667,0.214168867,
239,240 292 303 239_0,102,,0,0,0,0,0,0,0,0,0,0,
239_0,,239,,0.040687989,0.028491173,0.029077271,0.037451842,0.040505835,0.350424805,0.25972098,0.242856279,0.438960824,0.282898386, BMP35_239 BMP36_239 BMP37_239 BMP38_239
240,241 275,239,,0.17066492,0.16877466,0.153765802,0.181998004,0.189623531,1.966317407,2.201555657,1.768946227,2.290186931,2.025209908,
241,242 284 241_0,240,,0,0,0,0,0,0,0,0,0,0,
241_0,,241,,0.035883784,0.033991275,0.032620504,0.034252069,0.037817068,0.459136723,0.521442727,0.437606898,0.507940463,0.474561502, BMP35_241 BMP36_241 BMP37_241 BMP38_241
242,243 274 242_0,241,,0,0,0,0,0,0,0,0,0,0,
242_0,,242,,0.077440515,0.083775444,0.075645695,0.075370489,0.08067625,1.134041364,1.365113019,1.130761813,1.211641086,1.189841037, BMP5_242
243,244 243_0,242,,0,0,0,0,0,0,0,0,0,0,
243_0,,243,,0.095371965,0.090725577,0.084336452,0.080185453,0.090402448,1.698926081,1.962582442,1.626643279,1.708576975,1.719751627, BMP5_243
244,245 244_0,243,,0,0,0,0,0,0,0,0,0,0,
244_0,,244,,0.073227818,0.077686089,0.070629527,0.06939641,0.074405584,1.327034229,1.658817323,1.309433011,1.49553124,1.404007156, BMP5_244
245,,244,,0.109649976,0.118078007,0.109040392,0.112370839,0.115222218,1.47228639,1.64721914,1.503856982,1.565371583,1.589027107,
246,,155,,0.061856432,0.040271157,0.09695705,0.06226536,0.126081326,1.067441618,0.889754346,1.796880761,1.871124684,1.482145613,
247,,119,,0.034013233,0.049549326,0.05887952,0.035710931,0.03642745,1.361189078,2.187048534,1.992391651,1.626067197,1.758503447, BMP10_247 BMP11_247 BMP12_247 BMP13_247
248,,227,,0.049575692,0.061296024,0.088615542,0.063754973,0.059172549,1.40035734,2.000297728,2.349516191,1.944792092,1.951856665,
249,,176,,0.052988572,0.016836515,0.032761039,0.04749958,0.016636052,0.929170618,0.856939265,0.652424776,1.541244317,0.409159195,
250,,176,,0.26673637,0.045481487,0.164764376,0.199426088,0.070605953,2.736443368,0.617677442,1.879756806,2.177659923,0.861133393,
251,252 251_0,209,,0,0,0,0,0,0,0,0,0,0,
251_0,,251,,0.002023139,0.001648381,0.00134433,0.002531852,0.001622732,0.239032991,0.244447931,0.25415152,0.28599919,0.267977148, BMP10_251 BMP11_251 BMP12_251 BMP13_251
252,252_a 253 254 255 256,251,,0,0,0,0,0,0.301332703,0,0,1.251992115,0,
252_a,,252,,-0.144857977,-0.257763362,-0.332339113,-0.009116487,-0.244447164,0,-0.167604415,-0.754879377,0,-0.058708835,
253,,252,,0.28401915,0.477046827,0.394914289,0.308526253,0.466348508,2.221072928,3.388609708,2.881815449,3.459470443,3.145525514, BMP39_253 BMP40_253 BMP41_253 BMP42_253 BMP43_253
254,,252,,0.050386666,0.042821578,0.041229142,0.059804112,0.040213274,1.281357895,1.458650888,1.729956068,1.792838716,1.630907527, BMP10_254 BMP11_254 BMP12_254 BMP13_254
255,,252,,0.289989754,0.278325063,0.276311587,0.301633851,0.292708318,2.785588253,3.090297266,3.057596459,3.616712669,3.114040039, BMP26_255 BMP27_255 BMP28_255 BMP29_255 BMP30_255 BMP31_255 BMP32_255 BMP33_255 BMP34_255
256,,252,,0.076780833,0.010909983,0.04656915,0.064309329,0.018677803,0.519649545,0.090246327,0.390518829,0.691867517,0.152805783, BMP26_256 BMP27_256 BMP28_256 BMP29_256 BMP30_256 BMP31_256 BMP32_256 BMP33_256 BMP34_256
257,258,72,,0.037659597,0.056609281,0.049609687,0.051822935,0.045110801,0.153663471,0.298070367,0.200247815,0.266296129,0.151332034,
258,,257,,0.053241991,0.094233065,0.103479034,0.040544232,0.054534954,0.94122172,1.495986616,1.58972959,0.791378895,1.118400251,
259,,235,,0.025960837,0.024276037,0.023672514,0.021837004,0.024139226,0.439193562,0.512509058,0.426834754,0.45141582,0.437470122, BMP5_259
260,261 260_0,105,,0,0,0,0,0,0,0,0,0,0,
260_0,,260,,0.025688382,0.024361704,0.021314711,0.021671152,0.024443131,0.504281472,0.644385468,0.495437734,0.559389397,0.523157327, BMP5_260
261,262 261_0,260,,0,0,0,0,0,0,0,0,0,0,
261_0,,261,,0.206359624,0.22400921,0.204185344,0.199400348,0.212507599,3.294392022,4.0824014,3.390046296,3.551235465,3.491511527, BMP5_261
262,,261,,0.1254966,0.144215446,0.12899316,0.132567882,0.134490191,4.43298575,5.900052852,5.312923605,5.618476556,5.399589151, BMP5_262
263,,107,,0.089969718,0.10404984,0.093259746,0.090767419,0.096398997,1.798518624,2.171620616,1.885065961,1.921279822,1.952890172, BMP5_263
264,,107,,0.211788385,0.204334992,0.184955494,0.210022094,0.218976054,2.876008964,3.533998854,2.78996859,3.478199546,3.148907862, BMP5_264
265,,199,,0.083819159,0.14521885,0.099878857,0.123369578,0.151567608,0.635186624,0.978709869,0.654595656,1.280389035,0.956534104, BMP39_265 BMP40_265 BMP41_265 BMP42_265 BMP43_265
266,,23,,0.077709765,0.117985852,0.131297588,0.07648533,0.084570972,1.180694985,1.801777813,2.027496336,1.162277885,1.381626313, BMP5_266
267,,210,,0.047670027,0.01564673,0.02714859,0.040916344,0.013867467,0.674350062,0.23371748,0.43791053,0.6308489,0.283709313,
268,269 268_0,102,,0,0,0,0,0,0,0,0,0,0,
268_0,,268,,0.220949007,0.179425116,0.194225702,0.205255092,0.243950216,1.840688897,1.62716289,1.472655289,1.92120274,1.750151791, BMP26_268 BMP27_268 BMP28_268 BMP29_268 BMP30_268 BMP31_268 BMP32_268 BMP33_268 BMP34_268
269,269_a 270 290,268,,0,0.001767854,0,0.002658697,0,0.160859907,0.208960453,0.164457064,0.203740029,0.180075446,
269_a,,269,,-0.003379056,0,-0.004692946,0,-0.002501073,0,0,0,0,0,
270,271 270_0,269,,0,0,0,0,0,0,0,0,0,0,
270_0,,270,,0.254257527,0.289360373,0.263860841,0.265093559,0.278800458,3.164281281,3.63375252,3.298900752,3.325340751,3.459756245, BMP5_270
271,272 273 271_0,270,,0,0,0,0,0,0,0,0,0,0,
271_0,,271,,0.045934567,0.050765514,0.045898128,0.046834497,0.048589314,0.735689445,0.936892399,0.761618328,0.854353559,0.814008528, BMP5_271
272,,271,,0.267726408,0.336883913,0.294130557,0.285163493,0.349886672,2.774294142,3.571993136,2.994869955,3.354664724,3.236434642, BMP5_272
273,,271,,0.0369591,0.034928327,0.030861986,0.03003728,0.033395311,0.819709049,1.036481705,0.78309838,0.902037411,0.849132102, BMP5_273
274,,242,,0.110474563,0.119076017,0.107938213,0.110871613,0.117060675,1.409129173,1.719133594,1.425530242,1.583191932,1.469714226, BMP5_274
275,276 285,240,,0.06185438,0.069697353,0.06016657,0.064376031,0.06652214,0.892682119,1.172912959,0.898317468,1.027975465,0.950948195,
276,277 276_0,275,,0,0,0,0,0,0,0,0,0,0,
276_0,,276,,0.15787945,0.212700777,0.232273259,0.160107097,0.17695236,2.075417466,2.914700039,3.040084644,2.168599128,2.338679428, BMP5_276
277,,276,,0.113337324,0.130444706,0.129881974,0.117668597,0.123254032,1.749961266,2.194179277,2.004696491,1.963870096,1.951267764,
278,,153,,0.024587385,0.011465784,0.048968096,0.029234982,0.058212842,0.196916736,0.112496234,0.390349918,0.36839003,0.367379958,
279,280,152,,0.29766686,0.181676103,0.526777927,0.403243202,0.409067001,3.748201221,2.257475478,6.751042576,5.060838291,5.255568137,
280,,279,,0.039277598,0.020822782,0.098416751,0.100962238,0.069311705,0.471081763,0.231260116,1.338214436,1.456171379,0.938256707,
281,,209,,0.05445736,0.017992841,0.036460719,0.057769019,0.019509116,0.557444736,0.17715699,0.399177744,0.650622809,0.238368334, BMP26_281 BMP27_281 BMP28_281 BMP29_281 BMP30_281 BMP31_281 BMP32_281 BMP33_281 BMP34_281
282,,71,,0.031192675,0.045778767,0.051193142,0.027710213,0.032282442,0.739442271,1.045881291,1.110874215,0.65874773,0.849525429,
283,,184,,0.041474004,0.061908667,0.06557969,0.033111521,0.044816201,0.958567353,1.383423815,1.418214254,0.78465591,1.146063995, BMP5_283
284,,241,,0.369291522,0.415125834,0.382132763,0.381985118,0.405564627,4.47379079,5.234419325,4.659982555,4.810319991,4.832939095, BMP5_284
285,,275,,0.070673907,0.072605841,0.067389906,0.064476334,0.069485194,1.037616162,1.347626288,1.03098051,1.16405871,1.069834465,
286,287 286_0,151,,0,0,0,0,0,0,0,0,0,0,
286_0,,286,,0.053208781,0.042087714,0.097825669,0.077648114,0.0867358,0.7173245,0.516545768,1.280389445,1.007144176,1.136340104, BMP26_286 BMP27_286 BMP28_286 BMP29_286 BMP30_286 BMP31_286 BMP32_286 BMP33_286 BMP34_286
287,,286,,0.041908456,0.033392641,0.071896669,0.060416298,0.063536265,2.103897267,1.868352609,3.295322765,3.092710564,2.90586462, BMP26_287 BMP27_287 BMP28_287 BMP29_287 BMP30_287 BMP31_287 BMP32_287 BMP33_287 BMP34_287
288,289,69,,0.028579654,0.036740394,0.037078782,0.034069549,0.033857976,0.590775344,0.803401067,0.800549863,0.712663183,0.757146287,
289,,288,,0.037669238,0.049358652,0.056566988,0.035688942,0.041004055,0.680751337,0.903344312,0.970772445,0.66822409,0.787087477,
290,,269,,0.096099812,0.10031713,0.091640225,0.107577331,0.112200629,1.271861099,1.401781097,1.232418802,1.473356436,1.439255806,
291,,104,,0.035485465,0.031955173,0.028554755,0.033391534,0.034261821,0.39524649,0.437432369,0.360914373,0.450569896,0.413392501,
292,293,239,,0.120799307,0.124232682,0.109425724,0.125554489,0.127887088,1.765998426,2.178275894,1.7057066,2.154100845,1.921892225,
293,,292,,0.060813168,0.069494312,0.062625992,0.07149564,0.071236716,0.858727378,0.985488745,0.887576861,1.002713382,0.997002086,
294,295,194,,0.003000823,0.004041003,0.001907602,0.002289238,0.004217821,0.086812843,0.130431038,0.091810898,0.081521575,0.129097125,
295,296 297,294,,0.012012308,0.017469615,0.012793549,0.014784569,0.014923345,0.480877399,0.548398926,0.5523498,0.534036272,0.561364059,
296,,295,,0.039931636,0.061105768,0.048037536,0.048640919,0.049807096,0.509732752,1.268135522,0.733027433,0.926641996,0.690530788,
297,,295,,0.134799592,0.190843272,0.151669416,0.113205159,0.166052551,1.025789036,1.651946828,1.206557083,1.120610506,1.360281405, BMP9_297
298,298_a,196,,0.023248809,0.030968575,0.010482033,0.0406723,0.035531665,0.235261503,0.367556678,0,0.540496894,0.40698541,
298_a,,298,,0,0,0,0,0,0,0,-0.010742379,0,0,
299,,196,,0.145899308,0.220805428,0.165994051,0.179760794,0.243668903,1.874323106,2.938854988,2.155102597,2.553133378,3.071917462, BMP39_299 BMP40_299 BMP41_299 BMP42_299 BMP43_299
300,,196,,0.336988316,0.554574793,0.385982502,0.459161109,0.56790327,4.915848625,7.987329727,5.721548458,6.585479252,7.973940833, BMP10_300 BMP11_300 BMP12_300 BMP13_300
301,,151,,0.140287072,0.066222507,0.32617468,0.207571657,0.344962615,3.845697715,2.572546435,5.967270082,5.74982602,5.008467654, BMP26_301 BMP27_301 BMP28_301 BMP29_301 BMP30_301 BMP31_301 BMP32_301 BMP33_301 BMP34_301
302,,20,,0.110092271,0.104842955,0.179753467,0.13324482,0.134117116,2.804756928,3.492100053,4.586779607,4.569575119,3.889389302,
303,,239,,0.260037668,0.224060146,0.236618656,0.240659291,0.279783044,2.265694711,2.186453251,2.06171719,2.629008059,2.243490373, BMP26_303 BMP27_303 BMP28_303 BMP29_303 BMP30_303 BMP31_303 BMP32_303 BMP33_303 BMP34_303
304,305 304_0,170,,0,0,0,0,0,0,0,0,0,0,
304_0,,304,,0.160874701,0.054351335,0.130447426,0.137367586,0.065008234,2.08233036,0.844511233,2.242182538,2.001410788,1.039196249, BMP86_304 BMP87_304 BMP88_304 BMP89_304 BMP90_304 BMP91_304 BMP92_304 BMP93_304 BMP94_304
305,,304,,0.182770616,0.029631252,0.13709219,0.150558583,0.037413918,3.745106668,1.983616329,4.558059982,3.86989055,1.796522915, BMP26_305 BMP27_305 BMP28_305 BMP29_305 BMP30_305 BMP31_305 BMP32_305 BMP33_305 BMP34_305
306,,206,,0.122457394,0.021093768,0.078510634,0.091014973,0.033422189,1.777622293,1.081287976,1.629682147,1.899541332,1.236285943, BMP10_306 BMP11_306 BMP12_306 BMP13_306
307,,194,,0.0464383,0.105378605,0.095016962,0.106754517,0.096230333,0.857928215,2.476360332,2.046040518,2.487930109,1.985023324, BMP26_307 BMP27_307 BMP28_307 BMP29_307 BMP30_307 BMP31_307 BMP32_307 BMP33_307 BMP34_307
308,,194,,0.153770485,0.228053893,0.189016083,0.17549128,0.238538818,1.738656041,2.529080209,2.059266964,2.15198959,2.581349686,
309,,194,,0.23212427,0.371134743,0.304913783,0.298227245,0.39882685,2.99354642,5.361654243,4.12881159,4.553667246,5.156364283,
310,,194,,0.084788411,0.138710787,0.090035291,0.141331994,0.145359614,1.503408148,2.067046016,1.481376847,2.117315602,2.237912119,
311,,194,,0.18543913,0.295754805,0.175902879,0.260287982,0.286049907,2.046001955,3.038631781,1.89704327,2.837094728,3.008642739,
312,313 314,17,,0.147033026,0.085421402,0.106341504,0.100742328,0.129866989,2.430351786,1.727579711,2.001284079,1.932680214,2.378361365,
313,,312,,0.108920714,0.062849252,0.095298895,0.044574018,0.097353015,1.508985433,1.019420999,1.428366332,0.734614604,1.528650045,
314,,312,,0.092065673,0.051422041,0.084639846,0.032345477,0.089083353,1.267903086,0.808206672,1.15690562,0.543531846,1.256793687, BMP5_314
315,316 338,167,,0.048813186,0.005788786,0.027248484,0.039776052,0.0101192,0.6715637,0.159699922,0.45004432,0.69578381,0.186920072,
316,317,315,,0.199014474,0.036141689,0.146353015,0.164456898,0.06334144,2.0246482,0.483660977,1.65948886,2.06702126,0.814964144,
317,318 319 317_0,316,,0,0,0,0,0,0,0,0,0,0,
317_0,,317,,0.279431427,0.033914836,0.17107588,0.201534995,0.060474263,3.531553306,0.710706741,2.590770753,3.100156364,1.077006599, BMP86_317 BMP87_317 BMP88_317 BMP89_317 BMP90_317 BMP91_317 BMP92_317 BMP93_317 BMP94_317
318,,317,,1.694561164,0.767753999,1.544262796,1.504971272,0.789919557,12.11319552,8.401385856,13.35736331,13.88008109,6.593332092, BMP86_318 BMP87_318 BMP88_318 BMP89_318 BMP90_318 BMP91_318 BMP92_318 BMP93_318 BMP94_318
319,,317,,0.163238902,0.046158909,0.122007175,0.127320979,0.062799709,1.997497264,0.824696646,1.786640957,2.044009486,1.17163576,
320,,170,,0.436006067,0.176083518,0.375341086,0.351476924,0.219436348,4.791063546,4.452476286,5.971976082,5.521031271,4.403273292, BMP86_320 BMP87_320 BMP88_320 BMP89_320 BMP90_320 BMP91_320 BMP92_320 BMP93_320 BMP94_320
321,,170,,0.238716584,0.035290413,0.158076669,0.188033932,0.062970347,1.446845657,0.411159598,1.229207381,1.429914442,0.557326921, BMP26_321 BMP27_321 BMP28_321 BMP29_321 BMP30_321 BMP31_321 BMP32_321 BMP33_321 BMP34_321
322,,170,,0.832584775,0.250417004,0.603886907,0.720646937,0.28579773,7.74312808,2.785090238,6.20155667,7.190928177,3.258369531, BMP86_322 BMP87_322 BMP88_322 BMP89_322 BMP90_322 BMP91_322 BMP92_322 BMP93_322 BMP94_322
323,324,66,,0.021654373,0.038805048,0.047836695,0.022279816,0.02652184,0.291732883,0.474426273,0.510301803,0.367892582,0.357319175,
324,,323,,0.044260735,0.076220072,0.095545063,0.038550796,0.052064825,0.557646609,0.922032512,1.085090539,0.509726296,0.677737975, BMP26_324 BMP27_324 BMP28_324 BMP29_324 BMP30_324 BMP31_324 BMP32_324 BMP33_324 BMP34_324
325,,101,,0.11300186,0.117264044,0.106624284,0.111151616,0.122568314,1.183257905,1.57828358,1.161196514,1.287697326,1.270584198,
326,327 326_0,99,,0,0,0,0,0,0,0,0,0,0,
326_0,,326,,0.002782971,0.005011002,0.00176463,0.004745994,0.004292794,1.225808069,1.315249058,1.279960055,1.351621055,1.303739039, BMP10_326 BMP11_326 BMP12_326 BMP13_326
327,327_a 328 329 330,326,,0,0.006444989,0,0.04507664,0,0,0.771426631,0,2.580124887,0.200849302,
327_a,,327,,-0.159374686,0,-0.133118679,0,-0.047065925,-1.276616301,0,-0.568154101,0,0,
328,,327,,0.03970567,0.033896042,0.037897656,0.046885475,0.029892041,1.085961857,1.432558086,1.409967972,1.709208889,1.392857788,
329,,327,,0.145853904,0.06371246,0.129824808,0.130308905,0.068234744,1.611738995,0.991299043,1.780232794,1.899568782,1.076726342, BMP86_329 BMP87_329 BMP88_329 BMP89_329 BMP90_329 BMP91_329 BMP92_329 BMP93_329 BMP94_329
330,,327,,0.189674684,0.088217989,0.156239691,0.168895875,0.10137421,2.210386827,1.284743906,2.084698489,2.112310749,1.552306175, BMP10_330 BMP11_330 BMP12_330 BMP13_330
331,332,16,,0.13504083,0.071584047,0.101828885,0.091790349,0.115038411,1.738180562,0.92764058,1.266651386,1.202944581,1.511449215,
332,,331,,0.075107147,0.057081481,0.073373583,0.048536076,0.074802871,1.309659667,1.060851644,1.287583566,0.923849765,1.308535757,
333,,100,,0.149805341,0.140109674,0.136909817,0.130027764,0.15483378,1.652768879,1.983700421,1.666904418,1.912655493,1.736889713,
334,335 336 337,99,,0.131750107,0.145223226,0.114044153,0.127827464,0.135841289,1.410067502,1.839058534,1.7068332,1.728019311,1.656503771,
335,,334,,0.081820876,0.080502327,0.064549484,0.068564009,0.080706708,0.677472776,0.739543717,0.610978768,0.671550098,0.759394274, BMP8_335
336,,334,,0.174292801,0.230153083,0.190472235,0.181429616,0.239180186,2.123903665,2.845930666,2.338596861,2.307438819,2.974457375, BMP8_336
337,,334,,0.13842525,0.146007023,0.129527006,0.13496058,0.143971835,1.665754294,1.841546652,1.593075526,1.759778436,1.752241017, BMP5_337
338,,315,,1.443826991,0.240186613,0.869423623,1.073495181,0.358945252,18.53643911,3.564929378,12.62108898,14.66637507,4.970322153, BMP35_338 BMP36_338 BMP37_338 BMP38_338
339,340 339_0,61,,0,0,0,0,0,0,0,0,0,0,
339_0,,339,,0.298815181,0.068610525,0.238999123,0.041174699,0.232428821,1.182819245,0.549665201,1.403376692,0.126224604,1.321206919, BMP26_339 BMP27_339 BMP28_339 BMP29_339 BMP30_339 BMP31_339 BMP32_339 BMP33_339 BMP34_339
340,341,339,,0.098684155,0.057531848,0.091671587,0.040031639,0.096127642,1.597479975,1.216329355,1.597297546,1.030255316,1.677492108,
341,342 372 341_0,340,,0,0,0,0,0,0,0,0,0,0,
341_0,,341,,0.040618502,0.032571091,0.04051458,0.024730595,0.04167423,1.794588325,1.790543401,1.953228455,1.651260952,1.983403001, BMP10_341 BMP11_341 BMP12_341 BMP13_341
342,343 344,341,,0.008236783,0.004911697,0.007827914,0.003351967,0.007029633,0.204278296,0.147146131,0.198918194,0.138048599,0.199677964,
343,,342,,0.166828889,0.040522102,0.139029822,0.100384403,0.090300326,1.60393802,0.764577749,1.50374164,1.455367757,1.086264952, BMP26_343 BMP27_343 BMP28_343 BMP29_343 BMP30_343 BMP31_343 BMP32_343 BMP33_343 BMP34_343
344,,342,,0.03206414,0.008706722,0.031007822,0.007482027,0.026688879,0.574316238,0.425344862,0.588172739,0.415652057,0.569466009, BMP26_344 BMP27_344 BMP28_344 BMP29_344 BMP30_344 BMP31_344 BMP32_344 BMP33_344 BMP34_344
345,346,2,,0.013110723,0.012457662,0.009628862,0.022318701,0.007286241,0.15559945,0.117349,0.0313106,0.226481,0.0568856,
346,347,345,,0.103400795,0.09222437,0.081245547,0.158660156,0.057677281,1.18272635,1.15612593,0.8238787,1.802689,0.6450907,
347,347_a 348 520 533 539,346,,0,0,0,0,0,0,0,0,12.69919216,0,
347_a,,347,,-0.496996828,-0.722721804,-1.383872007,-0.108811694,-0.825656464,-6.522794429,-22.5804024,-51.36748449,0,-16.61495903,
348,349,347,,0.518131446,0.519036695,0.446987723,0.804752286,0.348992722,6.29712692,17.13691539,19.8914049,31.6101633,17.03177145,
349,349_a 350,348,,0.050285353,0.040460959,0.036779116,0.065426397,0.030758483,0.25061077,0.14562168,0,0.1610806,0,
349_a,,349,,0,0,0,0,0,0,0,-0.0404657,0,-0.00937366,
350,351,349,,0.093598126,0.078972065,0.138078499,0.163805319,0.133035673,1.13863099,1.10137424,1.5875985,2.0162066,1.74094723,
351,352,350,,0.041434798,0.025932224,0.107849877,0.120106023,0.146461319,0.46988905,0.3658342,1.41686,1.6613427,2.03950776,
352,352_a 353 400 418 453 455 457 459 463,351,,0.06675548,0.050830927,0.067815955,0.07293141,0,1.976242274,0,0,0,0,
352_a,,352,,0,0,0,0,-0.080454942,0,-6.096181111,-0.31971904,-1.521877775,-2.758065112,
353,354,352,,0.024046537,0.029634044,0.049840547,0.054485467,0.05707498,0.24022434,0.09393562,0.4030879,0.51989254,0.53497736,
354,355 398,353,,0.046194111,0.052458466,0.079477101,0.099056446,0.097351418,3.11814586,4.84267954,8.47316875,6.56505222,5.68972186,
355,356,354,,0.031857167,0.028465291,0.050401906,0.077176672,0.085367168,0.87973226,1.2458508,1.93000926,1.70719648,1.69603654,
356,357 356_0,355,,0,0,0,0,0,0,0,0,0,0,
356_0,,356,,0.066045549,0.059320059,0.083648138,0.10257975,0.103951598,8.10962878,15.81827004,24.82006649,18.33488404,14.75814507, BMP86_356 BMP87_356 BMP88_356 BMP89_356 BMP90_356 BMP91_356 BMP92_356 BMP93_356 BMP94_356
357,358 373,356,,0.006972081,0.013450365,0.014359967,0.012910135,0.002173176,8.553129507,12.03851444,19.9605558,12.4873132,10.67507828,
358,359 358_0,357,,0,0,0,0,0,0,0,0,0,0,
358_0,,358,,0.016874927,0.016857182,0.010929198,0.010748535,0.00739047,0.909071333,1.263976994,1.870514215,1.342133188,1.26654433, BMP86_358 BMP87_358 BMP88_358 BMP89_358 BMP90_358 BMP91_358 BMP92_358 BMP93_358 BMP94_358
359,,358,,0.093496281,0.102112625,0.094296652,0.083274808,0.02576853,3.182197513,4.242025072,6.622167103,4.847462176,1.902961721,
360,361 360_0,64,,0,0,0,0,0,0,0,0,0,0,
360_0,,360,,0.083971625,0.147017678,0.253435085,0.076507702,0.092627134,1.517008367,2.52198323,3.65775959,1.669915874,1.88432637, BMP26_360 BMP27_360 BMP28_360 BMP29_360 BMP30_360 BMP31_360 BMP32_360 BMP33_360 BMP34_360
361,,360,,0.512825761,0.909526459,1.182579806,0.547351346,0.610332743,8.624086863,14.12926578,16.68487916,9.375807096,10.60014538, BMP26_361 BMP27_361 BMP28_361 BMP29_361 BMP30_361 BMP31_361 BMP32_361 BMP33_361 BMP34_361
362,,99,,0.122828719,0.120987446,0.109741269,0.113405114,0.126201248,2.211456186,2.698221045,2.379287016,2.587276175,2.51018372,
363,,99,,0.105220133,0.107843726,0.118623311,0.095843453,0.119749596,1.532584463,2.191611938,2.267541617,2.344839784,1.841404218, BMP26_363 BMP27_363 BMP28_363 BMP29_363 BMP30_363 BMP31_363 BMP32_363 BMP33_363 BMP34_363
364,,99,,0.08985095,0.09587414,0.08489687,0.093549592,0.094925451,1.185972538,1.467277107,1.178746858,1.394595373,1.25829345,
365,,99,,0.7939541,1.173936903,0.880463014,1.090558847,1.051114955,10.29271729,15.60377187,12.84111205,13.38096101,13.36176057,
366,367 393 366_0 366_a,164,,0,0,0,0,0,0,0,0,0,0,
366_0,,366,,0.166862687,0,0.085078632,0.107989722,0.020097522,1.447603226,0.028200723,0.846624147,1.166029186,0.193385475, BMP26_366 BMP27_366 BMP28_366 BMP29_366 BMP30_366 BMP31_366 BMP32_366 BMP33_366 BMP34_366
366_a,,366,,0,-0.001935704,0,0,0,0,0,0,0,0,
367,368 367_0,366,,0,0,0,0,0,0,0,0,0,0,
367_0,,367,,0.335529322,0.026484216,0.227377528,0.261494366,0.078008705,2.07004269,0.227496842,1.584834847,2.47982839,0.549914126, BMP26_367 BMP27_367 BMP28_367 BMP29_367 BMP30_367 BMP31_367 BMP32_367 BMP33_367 BMP34_367
368,369 370 368_0,367,,0,0,0,0,0,0,0,0,0,0,
368_0,,368,,0.295350616,0.02675762,0.187233522,0.218322102,0.065964623,2.611945458,0.290519308,1.835202375,2.453538135,0.657223094, BMP35_368 BMP36_368 BMP37_368 BMP38_368
369,,368,,0.52450504,0.053972697,0.342352388,0.380273723,0.12401563,4.278484633,0.70922672,3.320891975,4.551758672,1.579739418,
370,,368,,0.770947463,0.081993396,0.559115923,0.649407143,0.214328694,4.752200789,0.586773635,3.778273553,6.081065483,1.361646616, BMP73_370 BMP74_370 BMP75_370 BMP76_370 BMP77_370 BMP78_370 BMP79_370 BMP80_370
371,,167,,0.567502052,0.149674011,0.435054906,0.509154008,0.19246242,5.515387595,1.671840382,4.586196708,5.400495778,2.105121381, BMP86_371 BMP87_371 BMP88_371 BMP89_371 BMP90_371 BMP91_371 BMP92_371 BMP93_371 BMP94_371
372,,341,,0.034234345,0.012874763,0.034791162,0.010443007,0.03129626,1.153864039,1.029909906,1.21578129,0.990051516,1.201913844, BMP10_372 BMP11_372 BMP12_372 BMP13_372
373,,357,,0.041403542,0.035789012,0.053145211,0.042894157,0.045012087,0.510112487,0.595006439,0.50617658,0.435362938,0.420861241, BMP86_373 BMP87_373 BMP88_373 BMP89_373 BMP90_373 BMP91_373 BMP92_373 BMP93_373 BMP94_373
374,375 374_0,97,,0,0,0,0,0,0,0,0,0,0,
374_0,,374,,0.084599389,0.054019445,0.060908735,0.029295222,0.073351437,1.105510105,0.994811044,1.036394528,0.791023887,1.104671226, BMP86_374 BMP87_374 BMP88_374 BMP89_374 BMP90_374 BMP91_374 BMP92_374 BMP93_374 BMP94_374
375,,374,,0.111448475,0.075307143,0.103854298,0.050865539,0.106478968,2.575289785,2.239430581,2.575031464,1.862618805,2.712048533, BMP10_375 BMP11_375 BMP12_375 BMP13_375
376,377 408 376_0,61,,0,0,0,0,0,0,0,0,0,0,
376_0,,376,,0.010352587,0.022339042,0.023235988,0.012385973,0.010703442,0.690594955,0.885004174,0.907608225,0.786879054,0.838084325, BMP10_376 BMP11_376 BMP12_376 BMP13_376
377,378 377_0,376,,0,0,0,0,0,0,0,0,0,0,
377_0,,377,,0.074343113,0.112278465,0.118556883,0.065987711,0.081287946,2.149204047,2.87593084,2.995498882,2.07190146,2.462685811, BMP5_377
378,379 380,377,,0.098940121,0.160469734,0.187898279,0.092803733,0.116495278,1.595018661,2.43602646,2.695081565,1.615365386,1.94359985,
379,,378,,0.030944351,0.042840813,0.048545437,0.031324755,0.034754968,0.538966199,0.766420826,0.834287423,0.545249289,0.651236889,
380,,378,,0.005713459,0.008864731,0.012489345,0.006408086,0.006628521,0.100452761,0.146110241,0.191184559,0.104938846,0.115464153,
381,,14,,0.265139798,0.13287935,0.222998051,0.116336832,0.243970956,4.429715986,3.125246565,4.224615967,2.931044026,4.587973115,
382,383 382_0,61,,0,0,0,0,0,0,0,0,0,0,
382_0,,382,,0.161762114,0.085069534,0.143867053,0.057467719,0.155145628,1.675684761,1.368562588,1.881306081,0.95472971,1.980349737, BMP86_382 BMP87_382 BMP88_382 BMP89_382 BMP90_382 BMP91_382 BMP92_382 BMP93_382 BMP94_382
383,384,382,,0.097244648,0.057682057,0.095205628,0.041394593,0.095843383,1.470344588,1.010635268,1.463727702,0.788531862,1.517034801,
384,,383,,0.082450869,0.041627405,0.07091479,0.037807103,0.064452908,2.764760747,2.523384369,2.801162496,2.426496858,2.776558906, BMP10_384 BMP11_384 BMP12_384 BMP13_384
385,386 385_0,61,,0,0,0,0,0,0,0,0,0,0,
385_0,,385,,0.078941493,0.017358416,0.062598692,0.015114764,0.062301901,0.472950318,0.192099233,0.519236849,0.124871576,0.557874406, BMP26_385 BMP27_385 BMP28_385 BMP29_385 BMP30_385 BMP31_385 BMP32_385 BMP33_385 BMP34_385
386,387,385,,0.227498526,0.088809064,0.197677244,0.105145441,0.16683653,3.795547821,2.203199226,3.73829309,2.591488348,3.292489893,
387,,386,,0.191279355,0.062650888,0.150613994,0.132608441,0.091079606,4.036341659,2.797507531,3.955957229,3.881100241,3.274290791,
388,,97,,0.035072233,0.027637716,0.035290485,0.023168527,0.033504903,0.982677829,0.963695146,1.026368133,0.819549592,1.058002191,
389,390 407,61,,0.004812956,0.009162965,0.009154513,0.004952676,0.00518188,0.022826141,0.071903771,0.079605087,0.027695415,0.03855249,
390,391 392,389,,0.007633245,0.010298881,0.00954522,0.007369018,0.007844282,0.20062449,0.273426771,0.265826764,0.197575048,0.248103227,
391,,390,,0.049388205,0.066584244,0.068381145,0.044272943,0.054178226,1.400022962,1.876136464,1.920730511,1.282469068,1.631398442, BMP5_391
392,,390,,0.004981712,0.008072737,0.007734491,0.003984843,0.005233185,0.089008229,0.21121161,0.191097275,0.106857328,0.180707402,
393,,366,,0.519578306,0.031931129,0.332028893,0.387616108,0.108194687,3.895085194,0.338065804,2.906845583,4.435886394,0.939291308, BMP26_393 BMP27_393 BMP28_393 BMP29_393 BMP30_393 BMP31_393 BMP32_393 BMP33_393 BMP34_393
394,394_a,165,,0.03961033,0,0.015837648,0.024564483,0.001791874,0.556146166,0,0.247291253,0.361160324,0.036971332,
394_a,,394,,0,-0.00057855,0,0,0,0,-0.00645481,0,0,0,
395,396 395_0,164,,0,0,0,0,0,0,0,0,0,0,
395_0,,395,,0.049703524,0.001982656,0.0292138,0.032664391,0.008367911,0.37651204,0.021737178,0.255618023,0.366762817,0.08132071, BMP26_395 BMP27_395 BMP28_395 BMP29_395 BMP30_395 BMP31_395 BMP32_395 BMP33_395 BMP34_395
396,,395,,0.262100175,0.019868281,0.212711485,0.251565039,0.078445673,2.045641606,0.239617756,1.802690921,2.5739326,0.724018107, BMP26_396 BMP27_396 BMP28_396 BMP29_396 BMP30_396 BMP31_396 BMP32_396 BMP33_396 BMP34_396
397,,13,,0.076173635,0.050322658,0.074981729,0.040536692,0.07519208,1.152040113,0.85637701,1.159299412,0.724598581,1.174251178,
398,399,354,,0.09594491,0.090517349,0.062276219,0.07270886,0.03475166,7.694704738,13.11233721,18.79979764,12.5975937,9.94137708,
399,,398,,0.084809822,0.092241762,0.06632431,0.06954101,0.038416946,6.404389942,14.05926769,20.11558536,14.62157435,10.88257974,
400,401 400_0,352,,0,0,0,0,0,0,0,0,0,0,
400_0,,400,,0.023409698,0.010445804,0.100423125,0.123928124,0.18019775,0.12261137,0.044202687,0.596446781,1.003351109,0.779722416, BMP26_400 BMP27_400 BMP28_400 BMP29_400 BMP30_400 BMP31_400 BMP32_400 BMP33_400 BMP34_400
401,402 401_0,400,,0,0,0,0,0,0,0,0,0,0,
401_0,,401,,0.017083512,0.012148107,0.052976686,0.058761419,0.07990369,0.147005959,0.085135838,0.54448064,0.713175143,0.554718683, BMP26_401 BMP27_401 BMP28_401 BMP29_401 BMP30_401 BMP31_401 BMP32_401 BMP33_401 BMP34_401
402,403,401,,0.131210077,0.099256447,0.288071259,0.297978681,0.360999511,2.248557655,1.687213474,4.691633505,4.835144303,5.774599467,
403,,402,,0.008493304,0.005727035,0.020034693,0.017043711,0.019800149,0.103571491,0.066454574,0.248620042,0.261060605,0.281440386,
404,,62,,0.01256963,0.017356747,0.01872073,0.011097233,0.013177635,1.172268134,1.327664997,1.331229648,1.193758443,1.287418722, BMP10_404 BMP11_404 BMP12_404 BMP13_404
405,406 405_0,61,,0,0,0,0,0,0,0,0,0,0,
405_0,,405,,0.092477169,0.04938253,0.091065037,0.028899813,0.096278847,0.983478974,0.731128749,0.996421825,0.526347416,1.037609317, BMP26_405 BMP27_405 BMP28_405 BMP29_405 BMP30_405 BMP31_405 BMP32_405 BMP33_405 BMP34_405
406,,405,,0.043488227,0.027704926,0.042023768,0.021693755,0.041887976,0.752280355,0.614263284,0.748846754,0.537149482,0.753822082,
407,,389,,0.030367031,0.038197898,0.037666056,0.030128158,0.033008734,0.765206357,1.052238738,1.040404144,0.752795677,0.919370635,
408,,376,,0.23576316,0.28070092,0.343533563,0.168563782,0.254987848,5.674194977,7.726059709,8.508521476,5.731960645,7.240521402, BMP10_408 BMP11_408 BMP12_408 BMP13_408
409,410 411,61,,0.068110565,0.091778096,0.094843749,0.069276711,0.076772605,2.445714851,3.193998778,3.274081895,2.54803444,2.859274442,
410,,409,,0.035065091,0.047209189,0.050468781,0.032162778,0.038564648,3.128672644,3.76584579,3.813048885,3.406380769,3.599035297, BMP10_410 BMP11_410 BMP12_410 BMP13_410
411,,409,,0.333240672,0.529599544,0.624381884,0.318638835,0.398512357,6.103927435,9.068418222,10.31939104,6.205012431,7.418853941, BMP5_411
412,,164,,0.609463126,0.044650369,0.412852727,0.46876119,0.143015419,4.428859746,0.444039489,3.474783955,4.865743111,1.199375844, BMP26_412 BMP27_412 BMP28_412 BMP29_412 BMP30_412 BMP31_412 BMP32_412 BMP33_412 BMP34_412
413,,12,,0.0328739,0.022572537,0.031895831,0.017658964,0.032375867,0.65308053,0.480749547,0.634979158,0.383661811,0.659902403,
414,,61,,0.285533396,0.057898434,0.265467847,0.052792634,0.223586749,2.740210784,0.788283605,2.45798004,0.924002915,2.210790128, BMP26_414 BMP27_414 BMP28_414 BMP29_414 BMP30_414 BMP31_414 BMP32_414 BMP33_414 BMP34_414
415,,61,,0.194402078,0.035504538,0.181775479,0.031429691,0.154744668,2.054369108,0.56795212,1.780831258,0.467924578,1.712533589, BMP26_415 BMP27_415 BMP28_415 BMP29_415 BMP30_415 BMP31_415 BMP32_415 BMP33_415 BMP34_415
416,,61,,0.201971832,0.079126691,0.185964626,0.060372523,0.174503082,2.890654961,2.076963111,2.892887139,1.877849025,2.904109835, BMP26_416 BMP27_416 BMP28_416 BMP29_416 BMP30_416 BMP31_416 BMP32_416 BMP33_416 BMP34_416
417,,61,,0.044843822,0.036574202,0.039586284,0.032581206,0.043068787,0.643106969,0.590488284,0.619631634,0.587722771,0.689485007, BMP8_417
418,418_a 419,352,,0.000643779,0.000504379,0.001215132,0.002910542,0.004033092,0,0,0,0.027319891,0.031012257,
418_a,,418,,0,0,0,0,0,-0.005832588,-0.018022936,-0.010379172,0,0,
419,420 421 419_0,418,,0,0,0,0,0,0,0,0,0,0,
419_0,,419,,0.0436238,0.013796201,0.179717586,0.213351356,0.31816988,0.343588609,0.15561648,1.286829588,1.814102769,1.558717449, BMP26_419 BMP27_419 BMP28_419 BMP29_419 BMP30_419 BMP31_419 BMP32_419 BMP33_419 BMP34_419
420,,419,,0.003325163,0.000208201,0.013304988,0.016786209,0.020845618,0.046611664,0.002499208,0.206288446,0.248007052,0.317489088,
421,,419,,0.006355358,0.001602182,0.023952828,0.025289972,0.034687719,0.108417283,0.038628279,0.380557196,0.423139883,0.528775208,
422,423 422_0 422_a,5,,0,0,0,0,0,0,0,0,0,0,
422_0,,422,,0.061991577,0.062237968,0.063160634,0.225429421,0.036751652,0.33654556,0.04249603,0.14572895,2.27987311,0, BMP26_422 BMP27_422 BMP28_422 BMP29_422 BMP30_422 BMP31_422 BMP32_422 BMP33_422 BMP34_422
422_a,,422,,0,0,0,0,0,0,0,0,0,-0.27979792,
423,424,422,,0.054600735,0.053533924,0.087738566,0.108860142,0.06365237,0.82991212,0.71979981,1.23581322,1.51502591,0.8745963,
424,425,423,,0.086816275,0.065989736,0.185784143,0.130728578,0.12877558,1.13439459,0.8445549,2.25186901,1.59434697,1.58087117,
425,426,424,,0.394478489,0.231012584,0.853175355,0.572169038,0.579205709,5.39117763,3.22688461,11.66501114,7.96099873,7.92160887,
426,427 451,425,,0.026681275,0.0222107,0.061914283,0.050157217,0.040750994,0.197803983,0.063238347,0.52469476,0.372594876,0.30479661,
427,428,426,,0.015060937,0.013671858,0.030523952,0.025695877,0.021677402,0.633067808,1.53587201,1.8050093,2.09043126,1.52703116,
428,428_a 429 430,427,,0,0.533332737,0.266662946,0.819645499,0.118414019,0,15.68725231,12.71657136,24.09881029,7.701147596,
428_a,,428,,-0.100779338,0,0,0,0,-3.132347298,0,0,0,0,
429,,428,,0.431113182,0.327533028,0.777966223,0.584051344,0.577593394,5.685386663,4.559962082,10.21671385,8.229778262,7.27472579,
430,,428,,0.131266599,0.112564021,0.204337075,0.148576073,0.209753168,7.204821217,5.942481892,9.338599046,8.593837355,9.210040504, BMP5_430
431,,61,,0.137760144,0.074845882,0.132089096,0.058017295,0.131041582,3.633631242,2.999821465,3.812242516,2.731987656,3.813064728,
432,,61,,0.055042846,0.032215406,0.045498174,0.022935334,0.050015454,1.012893582,0.780113225,0.867720633,0.63482369,0.950778459,
433,,61,,0.223930483,0.085526494,0.209136961,0.057164809,0.207756594,3.117165397,2.272026061,3.015544978,1.929293153,3.064548158, BMP26_433 BMP27_433 BMP28_433 BMP29_433 BMP30_433 BMP31_433 BMP32_433 BMP33_433 BMP34_433
434,,61,,0.109652119,0.03338183,0.095423163,0.027597735,0.088815986,1.956799592,1.791882238,2.064113263,1.751800751,1.97610937, BMP26_434 BMP27_434 BMP28_434 BMP29_434 BMP30_434 BMP31_434 BMP32_434 BMP33_434 BMP34_434
435,,61,,0.201570271,0.03562718,0.171445357,0.033179945,0.15433274,0.937158348,0.267125256,0.703473334,0.224659921,0.630599712, BMP26_435 BMP27_435 BMP28_435 BMP29_435 BMP30_435 BMP31_435 BMP32_435 BMP33_435 BMP34_435
436,,61,,0.079731158,0.025490061,0.057665958,0.030142876,0.062312329,1.481452671,1.169015822,1.596917362,1.09184592,1.767688765, BMP26_436 BMP27_436 BMP28_436 BMP29_436 BMP30_436 BMP31_436 BMP32_436 BMP33_436 BMP34_436
437,,61,,0.199619837,0.053959394,0.165942399,0.031347377,0.167036437,1.326490814,0.771345478,1.323323036,0.671547272,1.340478857, BMP26_437 BMP27_437 BMP28_437 BMP29_437 BMP30_437 BMP31_437 BMP32_437 BMP33_437 BMP34_437
438,,61,,0.981081027,0.474770632,0.626504669,0.627905437,0.776346613,9.155147714,5.702996487,6.516700897,5.674636603,7.672341786, BMP26_438 BMP27_438 BMP28_438 BMP29_438 BMP30_438 BMP31_438 BMP32_438 BMP33_438 BMP34_438
439,,61,,0.051320919,0.025650534,0.047183855,0.020439895,0.045463833,0.552992086,0.459030013,0.601672688,0.366191825,0.605143583, BMP26_439 BMP27_439 BMP28_439 BMP29_439 BMP30_439 BMP31_439 BMP32_439 BMP33_439 BMP34_439
440,,61,,0.044156384,0.025720154,0.05383841,0.024025685,0.03118,0.467045889,0.397113358,0.479942909,0.376554337,0.509447498, BMP26_440 BMP27_440 BMP28_440 BMP29_440 BMP30_440 BMP31_440 BMP32_440 BMP33_440 BMP34_440
441,,61,,0.145467579,0.27495025,0.414048707,0.124582696,0.164978846,1.016832797,1.685699565,1.799905403,1.237317551,1.282553358, BMP73_441 BMP74_441 BMP75_441 BMP76_441 BMP77_441 BMP78_441 BMP79_441 BMP80_441
442,,61,,0.121995585,0.189254283,0.203786942,0.1063462,0.135296474,3.260775486,4.499273049,4.635028313,3.183671616,3.791399713, BMP19_442
443,,11,,0.183465395,0.057408966,0.135029761,0.069708296,0.161289863,1.953070601,0.728045091,1.36447587,0.828758728,1.692588534, BMP39_443 BMP40_443 BMP41_443 BMP42_443 BMP43_443
444,445 519 444_0 444_a,5,,0,0,0,0,0,0,0,0,0,0,
444_0,,444,,0.155844881,0.233976418,0.183610981,0.283249379,0.131833888,0.36029541,0.458324616,0.114864385,1.234624192,0, BMP55_444 BMP56_444 BMP57_444
444_a,,444,,0,0,0,0,0,0,0,0,0,-0.078435951,
445,446 445_0,444,,0,0,0,0,0,0,0,0,0,0,
445_0,,445,,0.234172041,0.28527787,0.1972578,0.356667395,0.158713548,0.25102567,0.35691508,0.09219902,1.48991143,0.04285596, BMP55_445 BMP56_445 BMP57_445
446,447 446_0,445,,0,0,0,0,0,0,0,0,0,0,
446_0,,446,,0.131605547,0.125990887,0.112986177,0.218833382,0.081266611,0.62475557,0.60249145,0.35377035,1.82606187,0.20712805, BMP26_446 BMP27_446 BMP28_446 BMP29_446 BMP30_446 BMP31_446 BMP32_446 BMP33_446 BMP34_446
447,448 447_0 447_a,446,,0,0,0,0,0,0,0,0,0,0,
447_0,,447,,0.108666504,0.138021256,0.097457646,0.164198158,0.079704875,0.23131631,0.180545,0.04242599,0.40713036,0, BMP55_447 BMP56_447 BMP57_447
447_a,,447,,0,0,0,0,0,0,0,0,0,-0.03650761,
448,449,447,,0.073062524,0.089360752,0.082970749,0.13644115,0.061262188,0.51015249,4.50264035,5.10382374,10.42319957,3.73545523,
449,450,448,,0.11090329,0.241538061,0.244953837,0.231713033,0.179601414,11.25245409,46.76599265,67.14183521,72.86850884,45.84166141,
450,,449,,0.353023562,0.349584752,0.270050785,0.448457536,0.154908558,5.072569447,4.757440623,3.709361308,6.104512306,2.151590148, BMP86_450 BMP87_450 BMP88_450 BMP89_450 BMP90_450 BMP91_450 BMP92_450 BMP93_450 BMP94_450
451,451_a 452,426,,0.050137571,0.044985989,0.080834747,0.089094364,0.069233649,0,0,0.46301787,0.287952321,0.22675449,
451_a,,451,,0,0,0,0,0,-0.056581328,-0.015349343,0,0,0,
452,,451,,0.161351731,0.126250472,0.329440347,0.221879988,0.257453724,8.174530595,6.666011566,10.36467552,9.704609933,10.75160658, BMP86_452 BMP87_452 BMP88_452 BMP89_452 BMP90_452 BMP91_452 BMP92_452 BMP93_452 BMP94_452
453,454,352,,0.066287022,0.040538381,0.152933634,0.194133329,0.256809127,1.407650064,1.071094132,2.435287756,2.844177233,3.427008697,
454,,453,,0.087065205,0.069258395,0.137972814,0.140289795,0.158339066,2.03256274,1.709057675,2.825430985,2.89107011,3.213761285,
455,456,352,,0.031594644,0.022980974,0.05952846,0.058225636,0.066659412,1.267984128,1.186313302,1.42732527,2.380441064,2.652913083,
456,,455,,0.011181562,0.010416885,0.019411542,0.022391947,0.022420513,0.097588468,0.089567304,0.151132323,0.353988088,0.384869452,
457,458,352,,0.124625461,0.078545644,0.296398927,0.271944485,0.336072651,2.46854012,1.805111746,3.783248116,8.049168184,8.917600342,
458,,457,,0.003216466,0.002268344,0.006844691,0.005954155,0.006991239,0.049941575,0.042634393,0.074818607,0.215558862,0.263497968,
459,460 459_0 459_a,352,,0,0,0,0,0,0,0,0,0,0,
459_0,,459,,0.044155012,0.018090549,0.157311126,0.206422483,0.294505832,0.259674789,0,1.144130712,1.538395375,2.710922007, BMP26_459 BMP27_459 BMP28_459 BMP29_459 BMP30_459 BMP31_459 BMP32_459 BMP33_459 BMP34_459
459_a,,459,,0,0,0,0,0,0,-0.089749552,0,0,0,
460,,459,,0.019807932,0.00721994,0.079192662,0.084738833,0.128219083,0.168343009,0.0776719,0.614666256,0.879883342,0.74984839, BMP26_460 BMP27_460 BMP28_460 BMP29_460 BMP30_460 BMP31_460 BMP32_460 BMP33_460 BMP34_460
461,,59,,0.094836542,0.005957877,0.230781856,0.289208486,0.098168359,0.439326714,0.018967015,0.892453594,1.813398848,0.306756151, BMP39_461 BMP40_461 BMP41_461 BMP42_461 BMP43_461
462,,59,,0.205452175,0.051434563,0.243540393,0.097119285,0.188787827,0.924756269,0.317272582,1.006077844,0.886672796,0.757836207, BMP26_462 BMP27_462 BMP28_462 BMP29_462 BMP30_462 BMP31_462 BMP32_462 BMP33_462 BMP34_462
463,,352,,0.028596395,0.009859406,0.116031474,0.128733306,0.193314992,0.20355744,0.098812107,0.839012589,1.629173732,0.980407234, BMP26_463 BMP27_463 BMP28_463 BMP29_463 BMP30_463 BMP31_463 BMP32_463 BMP33_463 BMP34_463
464,,161,,0.004606112,0.00057373,0.030764053,0.051149674,0.011475635,0.036300639,0.008591869,0.164753211,0.428090116,0.05329511, BMP26_464 BMP27_464 BMP28_464 BMP29_464 BMP30_464 BMP31_464 BMP32_464 BMP33_464 BMP34_464
465,,58,,0.011159878,0.002765794,0.071355924,0.139897633,0.026443828,0.106203834,0.018876369,0.412708242,1.430986099,0.113186711, BMP26_465 BMP27_465 BMP28_465 BMP29_465 BMP30_465 BMP31_465 BMP32_465 BMP33_465 BMP34_465
466,467 546,2,,0.019012327,0.019881019,0.089733335,0.091480118,0.03073817,0.452345758,0.318519182,1.409956532,1.302469786,0.510228834,
467,468 542,466,,0.039194627,0.042068544,0.166513107,0.160145792,0.055030106,0.752812986,0.575906574,2.544012763,2.172255771,0.898445866,
468,468_a 469 495 505 508 523,467,,0,0,0,0,0,0.696953836,0.376125225,0.482233968,0.125593424,0.347261942,
468_a,,468,,-0.081638473,-0.013537391,-0.087564277,-0.064343796,-0.145718701,0,0,0,0,0,
469,470,468,,0.063950443,0.006906657,0.040550385,0.038205208,0.027497247,1.10991699,0.28696942,0.7665452,0.80627154,0.59520058,
470,470_a 471 485 488 499 500 501 502 503 504,469,,0,0,0,0,0,0,4.349424722,0,9.08071565,4.835889619,
470_a,,470,,-3.298816222,-2.058434987,-3.521249874,-1.669593494,-2.996393961,-0.409346968,0,-5.855115913,0,0,
471,472 484 471_0,470,,0,0,0,0,0,0,0,0,0,0,
471_0,,471,,0.255600766,0.078661031,0.160858877,0.164510743,0.20340223,2.00524687,0.80221356,1.427448637,1.943943855,1.562990704, BMP26_471 BMP27_471 BMP28_471 BMP29_471 BMP30_471 BMP31_471 BMP32_471 BMP33_471 BMP34_471
472,473 474 472_0,471,,0,0,0,0,0,0,0,0,0,0,
472_0,,472,,0.375851211,0.154342539,0.289425533,0.263278815,0.299754003,2.465951632,0.9859465,1.921916611,2.40797113,1.809239668, BMP26_472 BMP27_472 BMP28_472 BMP29_472 BMP30_472 BMP31_472 BMP32_472 BMP33_472 BMP34_472
473,,472,,0.869914238,0.321894319,0.554254193,0.545020995,0.652254892,8.734324366,3.217076266,5.741185379,5.861822069,6.527984196,
474,,472,,0.081819135,0.032377926,0.058084369,0.05446049,0.06543314,0.588239342,0.237132505,0.429354692,0.479554755,0.442546378, BMP26_474 BMP27_474 BMP28_474 BMP29_474 BMP30_474 BMP31_474 BMP32_474 BMP33_474 BMP34_474
475,476 475_0 475_a,5,,0,0,0,0,0,0,0,0,0,0,
475_0,,475,,0.045960365,0.03020132,0,0.135665478,0.003242216,0.540509491,0,0,1.4639039,0, BMP39_475 BMP40_475 BMP41_475 BMP42_475 BMP43_475
475_a,,475,,0,0,-0.006900702,0,0,0,-0.036261911,-0.31606589,0,-0.1144882,
476,477 476_0,475,,0,0,0,0,0,0,0,0,0,0,
476_0,,476,,0.046547599,0.023434963,0.059730301,0.091958298,0.032291983,0.611604579,0.304002664,0.79162405,1.241714252,0.41782742, BMP35_476 BMP36_476 BMP37_476 BMP38_476
477,478,476,,0.022872823,0.020991803,0.030058819,0.034572703,0.027691373,0.184203459,0.143280468,0.30166942,0.328715039,0.25381809,
478,479 480,477,,0.097325294,0.081733181,0.131666345,0.100956625,0.110919689,1.648962424,1.434270716,2.131505824,1.80213263,1.850483922,
479,,478,,0.386938622,0.296830382,0.601313684,0.402165056,0.48583456,5.552579342,4.49308277,8.238097054,5.794233231,6.822322445,
480,,478,,0.075808617,0.0551591,0.145208531,0.113452072,0.108270204,0.983908455,0.697868032,1.912097922,1.502673338,1.419456423,
481,,57_s,,0.065724877,0.016589703,0.164008399,0.202179447,0.084501768,0.489305148,0.152447294,0.98410858,1.459785045,0.550233389, BMP26_481 BMP27_481 BMP28_481 BMP29_481 BMP30_481 BMP31_481 BMP32_481 BMP33_481 BMP34_481
482,,57_s,,0.038570912,0.043793055,0.087516114,0.616342953,0.077912838,0.597081993,0.286858243,0.330416005,3.525144889,0.219146179, BMP26_482 BMP27_482 BMP28_482 BMP29_482 BMP30_482 BMP31_482 BMP32_482 BMP33_482 BMP34_482
483,,57_s,,0.016962397,0.007141095,0.065506077,0.098551145,0.026619433,0.119272136,0.025013964,0.45775434,0.793092938,0.169807246, BMP26_483 BMP27_483 BMP28_483 BMP29_483 BMP30_483 BMP31_483 BMP32_483 BMP33_483 BMP34_483
484,,471,,0.156739222,0.070070078,0.108514456,0.10192494,0.128012921,0.7561818,0.354825659,0.615110371,0.966566261,0.587574714, BMP26_484 BMP27_484 BMP28_484 BMP29_484 BMP30_484 BMP31_484 BMP32_484 BMP33_484 BMP34_484
485,486 487 485_0,470,,0,0,0,0,0,0,0,0,0,0,
485_0,,485,,0.192095175,0.053769703,0.13392884,0.14097725,0.159670983,0.94725844,0.340116448,0.79707463,1.266961569,0.681163749, BMP26_485 BMP27_485 BMP28_485 BMP29_485 BMP30_485 BMP31_485 BMP32_485 BMP33_485 BMP34_485
486,,485,,1.162342678,0.460623425,0.848076644,0.814525703,0.933736544,5.51375933,2.068585504,4.369894322,4.251076889,3.959641629, BMP26_486 BMP27_486 BMP28_486 BMP29_486 BMP30_486 BMP31_486 BMP32_486 BMP33_486 BMP34_486
487,,485,,1.432114648,0.632152408,0.993422944,0.970918631,1.162419987,7.51556145,3.414936922,5.987100878,6.716668582,5.571586302, BMP26_487 BMP27_487 BMP28_487 BMP29_487 BMP30_487 BMP31_487 BMP32_487 BMP33_487 BMP34_487
488,489 490 488_0,470,,0,0,0,0,0,0,0,0,0,0,
488_0,,488,,0.031138911,0.005195349,0.015041988,0.016642001,0.027599803,0.300358743,0.202411887,0.256497203,0.554925757,0.242126992, BMP26_488 BMP27_488 BMP28_488 BMP29_488 BMP30_488 BMP31_488 BMP32_488 BMP33_488 BMP34_488
489,,488,,0.38441871,0.190096253,0.278004051,0.242301184,0.303232918,2.735407731,1.526893697,2.149624198,2.969126956,2.060181729, BMP26_489 BMP27_489 BMP28_489 BMP29_489 BMP30_489 BMP31_489 BMP32_489 BMP33_489 BMP34_489
490,,488,,0.61200443,0.285981269,0.425337081,0.387320596,0.485688941,4.082139355,1.986798161,3.071240782,4.181027056,3.100543079, BMP26_490 BMP27_490 BMP28_490 BMP29_490 BMP30_490 BMP31_490 BMP32_490 BMP33_490 BMP34_490
491,492 491_0 491_a,5,,0,0,0,0,0,0,0,0,0,0,
491_0,,491,,0.019507401,0.002987869,0.042119144,0.182195816,0,0.615591499,0.725642532,1.081382472,3.927968498,0.515206697, BMP39_491 BMP40_491 BMP41_491 BMP42_491 BMP43_491
491_a,,491,,0,0,0,0,-0.008480045,0,0,0,0,0,
492,493 492_0,491,,0,0,0,0,0,0,0,0,0,0,
492_0,,492,,0.12560422,0.107288163,0.113398037,0.253813307,0.061376883,0.498169248,0.46019647,0.416469592,1.791138567,0.228546018, BMP26_492 BMP27_492 BMP28_492 BMP29_492 BMP30_492 BMP31_492 BMP32_492 BMP33_492 BMP34_492
493,494 493_0,492,,0,0,0,0,0,0,0,0,0,0,
493_0,,493,,0.023590806,0.021976983,0.024668972,0.054937468,0.014186551,0.096423399,0.083135832,0.13383403,0.721841039,0.031526301, BMP39_493 BMP40_493 BMP41_493 BMP42_493 BMP43_493
494,,493,,0.005039345,0.003561094,0.010469371,0.02706541,0.003085848,0.039573546,0.005759662,0.094564261,0.461546263,0.001459501, BMP39_494 BMP40_494 BMP41_494 BMP42_494 BMP43_494
495,496 511,468,,0.064083333,0.003159369,0.032920094,0.043250948,0.010080123,1.027622246,0.065012521,0.498191718,0.615318134,0.156548076,
496,497 498,495,,0.320135154,0.04713796,0.198823052,0.240354896,0.079508994,3.709284417,0.579646483,2.518364841,2.835697855,0.970284285,
497,,496,,0.50234918,0.076854213,0.331835395,0.393149856,0.139207822,5.272961553,0.892350671,4.100975978,4.88239632,1.612949391, BMP26_497 BMP27_497 BMP28_497 BMP29_497 BMP30_497 BMP31_497 BMP32_497 BMP33_497 BMP34_497
498,,496,,0.441203459,0.037828501,0.278805453,0.321472942,0.097676546,4.67365148,0.507303909,3.30988222,3.601741515,1.179773436,
499,,470,,0.748080432,0.240257119,0.469329788,0.459700933,0.487325173,6.778766041,2.259151104,4.79088296,4.441767844,4.444037006, BMP26_499 BMP27_499 BMP28_499 BMP29_499 BMP30_499 BMP31_499 BMP32_499 BMP33_499 BMP34_499
500,,470,,0.96105905,0.38653611,0.618284959,0.625673513,0.765894028,7.798761713,3.183118118,5.28792519,5.059676336,5.940515529, BMP35_500 BMP36_500 BMP37_500 BMP38_500
501,,470,,0.360311545,0.149233248,0.276063379,0.240667968,0.282186943,1.938127755,0.894212371,1.739179037,2.317491733,1.43691917, BMP26_501 BMP27_501 BMP28_501 BMP29_501 BMP30_501 BMP31_501 BMP32_501 BMP33_501 BMP34_501
502,,470,,0.062447292,0.022506959,0.044120069,0.040836548,0.047848759,0.299738875,0.115250046,0.315195333,0.312797321,0.224815347, BMP39_502 BMP40_502 BMP41_502 BMP42_502 BMP43_502
503,,470,,0.708765343,0.289442195,0.512431586,0.474522514,0.556055416,3.518737665,1.52155423,3.17056385,3.300849417,2.609348209, BMP26_503 BMP27_503 BMP28_503 BMP29_503 BMP30_503 BMP31_503 BMP32_503 BMP33_503 BMP34_503
504,,470,,2.632016113,1.278982087,2.024160544,2.194793705,2.195171745,22.05837324,10.3685066,16.93861017,18.52620353,17.08699416, BMP26_504 BMP27_504 BMP28_504 BMP29_504 BMP30_504 BMP31_504 BMP32_504 BMP33_504 BMP34_504
505,506 507 505_0,468,,0,0,0,0,0,0,0,0,0,0,
505_0,,505,,0.243683454,0.023943891,0.154576637,0.189270622,0.052497436,1.988660509,0.338891436,1.457982483,1.938724695,0.516907125, BMP26_505 BMP27_505 BMP28_505 BMP29_505 BMP30_505 BMP31_505 BMP32_505 BMP33_505 BMP34_505
506,,505,,0.367645663,0.077472662,0.275195199,0.324844007,0.129364724,1.927417354,0.521547354,1.600861482,2.588248022,0.687711053, BMP73_506 BMP74_506 BMP75_506 BMP76_506 BMP77_506 BMP78_506 BMP79_506 BMP80_506
507,,505,,0.225333716,0.046785964,0.158952904,0.196933169,0.075514459,0.826681821,0.179327906,0.60407567,0.820769611,0.252435987, BMP73_507 BMP74_507 BMP75_507 BMP76_507 BMP77_507 BMP78_507 BMP79_507 BMP80_507
508,509 510,468,,0.12698723,0.011759327,0.078650516,0.088351734,0.02809557,1.427291883,0.134788214,0.863799589,0.985029731,0.319071703,
509,,508,,0.105686163,0.008379006,0.064234255,0.075516465,0.022416786,1.712672762,0.139500603,1.157400751,1.298820564,0.386592406,
510,,508,,0.578146114,0.060045297,0.359029782,0.409596862,0.135780048,7.552479695,0.934182736,5.327499235,6.029839722,2.182247956,
511,,495,,0.254304368,0.026753707,0.159186827,0.184078416,0.059648046,3.320464594,0.415588802,2.336533693,2.504759466,0.853384482,
512,513 512_0,85,,0,0,0,0,0,0,0,0,0,0,
512_0,,512,,0.15506887,0.010234079,0.046264991,0.080689912,0.005755163,2.138353477,0.37287264,1.441893239,1.818906405,0.575877171, BMP26_512 BMP27_512 BMP28_512 BMP29_512 BMP30_512 BMP31_512 BMP32_512 BMP33_512 BMP34_512
513,514 528 513_0,512,,0,0,0,0,0,0,0,0,0,0,
513_0,,513,,0.130496039,0.017956335,0.093860035,0.142271038,0.03898823,0.79250594,0.165710889,0.693749617,1.764983682,0.222637015, BMP26_513 BMP27_513 BMP28_513 BMP29_513 BMP30_513 BMP31_513 BMP32_513 BMP33_513 BMP34_513
514,515 514_0,513,,0,0,0,0,0,0,0,0,0,0,
514_0,,514,,0.038172135,0.010849088,0.232680328,0.394702675,0.090863621,0.334958397,0.133017447,1.207397647,3.242197968,0.399206939, BMP26_514 BMP27_514 BMP28_514 BMP29_514 BMP30_514 BMP31_514 BMP32_514 BMP33_514 BMP34_514
515,515_a,514,,0.002958515,0.000427736,0,0,0,0.105521974,0,0,0.005752792,0,
515_a,,515,,0,0,-0.022418691,-0.008420683,-0.006856029,0,-0.017712792,-0.126728847,0,-0.018140346,
516,516_a 517,5,,0.00343407,0,0,0.027296172,0,0.144062098,0,0,0.689133625,0,
516_a,,516,,0,-0.002234944,-0.01135085,0,-0.006668471,0,-0.016344585,-0.045851641,0,-0.033555698,
517,,516,,0.007490747,0.004528099,0.023909446,0.036676321,0.011282024,0.055314214,0.034656297,0.156801967,0.304903643,0.061846651, BMP35_517 BMP36_517 BMP37_517 BMP38_517
518,,6,,0.018872387,0.014647631,0.055462939,0.097858251,0.025345941,0.1770169,0.110340465,0.406593968,0.723590278,0.185121236, BMP26_518 BMP27_518 BMP28_518 BMP29_518 BMP30_518 BMP31_518 BMP32_518 BMP33_518 BMP34_518
519,,444,,0.703384045,0.95686211,0.566482448,0.975400015,0.493119373,0.63458453,0.848997104,0.549034515,1.173408698,0.537201881, BMP55_519 BMP56_519 BMP57_519
520,521 522 520_0 520_a,347,,0,0,0,0,0,0,0,0,0,0,
520_0,,520,,0,0,0,0,0,0.254541366,0.525065803,0.414068553,0.60525281,0.301696352, BMP10_520 BMP11_520 BMP12_520 BMP13_520
520_a,,520,,-0.008514013,-0.010659672,-0.001187239,-0.002685027,-0.001608748,0,0,0,0,0,
521,,520,,0.172382312,0.188854922,0.147590472,0.274526315,0.119972779,3.580070106,5.014837828,5.961964115,6.466468136,3.76837466, BMP26_521 BMP27_521 BMP28_521 BMP29_521 BMP30_521 BMP31_521 BMP32_521 BMP33_521 BMP34_521
522,,520,,1.75073073,2.271602224,1.326653247,2.366817617,1.162922273,3.452566249,6.209154019,6.473652232,7.150251644,4.38558447, BMP55_522 BMP56_522 BMP57_522
523,,468,,0.357637789,0.040439583,0.239899442,0.311547312,0.087946217,3.56868448,0.5371647,2.556319662,2.972715691,1.001281908,
524,,87,,0.480045973,0.049071583,0.342846632,0.393670676,0.127315455,3.588328014,0.381477831,2.768349186,3.873438375,0.967065312, BMP26_524 BMP27_524 BMP28_524 BMP29_524 BMP30_524 BMP31_524 BMP32_524 BMP33_524 BMP34_524
525,526 525_0,85,,0,0,0,0,0,0,0,0,0,0,
525_0,,525,,0.68000206,0.091547099,0.485122106,0.580863213,0.196182001,3.662457477,0.556806387,2.55255446,4.59543272,0.968416968, BMP39_525 BMP40_525 BMP41_525 BMP42_525 BMP43_525
526,527 526_0,525,,0,0,0,0,0,0,0,0,0,0,
526_0,,526,,0.739657898,0.124249708,0.517934276,0.588026163,0.215523575,8.113106988,1.617004075,6.533326396,9.484983114,2.598280048, BMP26_526 BMP27_526 BMP28_526 BMP29_526 BMP30_526 BMP31_526 BMP32_526 BMP33_526 BMP34_526
527,,526,,0.143169176,0.024456413,0.10685131,0.131050334,0.047318757,0.747862515,0.176917206,0.68510206,1.240414036,0.290206711, BMP73_527 BMP74_527 BMP75_527 BMP76_527 BMP77_527 BMP78_527 BMP79_527 BMP80_527
528,,513,,0.008065323,0.001098166,0.04959801,0.081382795,0.018954692,0.063488931,0.013921193,0.303459725,0.98363644,0.080911281, BMP26_528 BMP27_528 BMP28_528 BMP29_528 BMP30_528 BMP31_528 BMP32_528 BMP33_528 BMP34_528
529,,5,,0.826713684,0.930801677,0.516404596,1.152775117,0.4955386,1.61637456,1.721199044,1.024192039,2.644413557,1.035228189, BMP26_529 BMP27_529 BMP28_529 BMP29_529 BMP30_529 BMP31_529 BMP32_529 BMP33_529 BMP34_529
530,530_a,5,,0.002389027,0,0,0.012651721,0,0.071260564,0,0,0.32606054,0,
530_a,,530,,0,-0.000781061,-0.007228641,0,-0.003502107,0,-0.023540645,-0.174085488,0,-0.067996287,
531,531_a,5,,0.038609504,0.024317884,0.033628972,0.174866537,0.020747951,0.373966296,0,0,1.342866727,0,
531_a,,531,,0,0,0,0,0,0,-0.000443153,-0.01603962,0,-0.085841205,
532,,5,,0.349269924,0.402392772,0.203804789,0.513542995,0.201290598,1.491366145,1.392682904,0.663764719,2.247917135,0.744263162, BMP55_532 BMP56_532 BMP57_532
533,,347,,0.084897233,0.072649504,0.060558339,0.141501961,0.043268078,0.682605075,0.672329512,0.438546416,1.639062502,0.356397064, BMP26_533 BMP27_533 BMP28_533 BMP29_533 BMP30_533 BMP31_533 BMP32_533 BMP33_533 BMP34_533
534,534_a 535,2,,0.05557965,0.058014544,0,0.081593072,0.006718773,1.087807464,1.08216317,0.63848606,1.5782529,0.73531871,
534_a,,534,,0,0,-0.000248359,0,0,0,0,0,0,0,
535,535_a 536,534,,0,0.009441887,0,0,0,0.616896504,0.56759282,0.0668591,0.17804887,0.84758816,
535_a,,535,,-0.001444708,0,-0.07813827,-0.006308739,-0.031921006,0,0,0,0,0,
536,536_a 537 538,535,,0,0,0,0.020802601,0,2.57121546,16.38729324,13.59397101,22.15989731,10.06196646,
536_a,,536,,-0.110186418,-0.034225478,-0.127499232,0,-0.060167524,0,0,0,0,0,
537,,536,,0.892230723,0.815732028,2.177497357,1.787099997,1.924259166,5.086099185,4.157375732,7.330320126,9.090133009,8.165160295, BMP46_537 BMP47_537 BMP48_537
538,,536,,0.043081688,0.040446754,0.027169519,0.062500024,0.022448624,0.737290607,0.663896519,0.486988873,1.133367224,0.434218416,
539,,347,,0.328103579,0.306581678,0.259231771,0.488152386,0.205589931,4.294195513,4.252107521,3.308371178,5.968591948,3.039490779, BMP26_539 BMP27_539 BMP28_539 BMP29_539 BMP30_539 BMP31_539 BMP32_539 BMP33_539 BMP34_539
540,,5,,0.157972391,0.149672954,0.157567856,0.776947694,0.120547368,3.233694126,2.014645659,1.771971836,8.291774666,1.208372829, BMP39_540 BMP40_540 BMP41_540 BMP42_540 BMP43_540
541,,5,,0.27503183,0.138286553,0.351505932,0.322463196,0.277293301,3.599324292,1.954463495,4.141059622,3.902138689,3.547814802,
542,,467,,0.037559863,0.027156224,0.142027508,0.115913589,0.046910218,0.875854314,0.561805646,2.491699677,2.146685829,0.923950044,
543,,86,,0.599744146,0.03730676,0.406057038,0.478647481,0.138650825,3.766642115,0.313937776,2.736235933,4.013319089,0.921082353, BMP26_543 BMP27_543 BMP28_543 BMP29_543 BMP30_543 BMP31_543 BMP32_543 BMP33_543 BMP34_543
544,545,2,,0.030836758,0.022629073,0.094395861,0.088259701,0.036294015,0.55583595,0.348656363,1.102886371,1.460419352,0.49106688,
545,,544,,0.057212697,0.039219491,0.209549623,0.190698996,0.071121601,1.066332868,0.571470397,2.663855995,3.38276511,0.959884725,
546,,466,,0.077504843,0.056144983,0.241285332,0.216399737,0.089143187,1.700465742,1.136354378,4.452248808,3.956010714,1.724467696,
547,,85,,0.322403587,0.033055052,0.223706611,0.262325036,0.084701086,1.973042911,0.255300649,1.610272694,2.441849431,0.573767626, BMP35_547 BMP36_547 BMP37_547 BMP38_547
548,,2,,0.493116998,0.345776564,1.505073328,1.367563727,0.62369891,11.22875281,8.895467594,21.67220136,21.35391759,10.63243977,
549,,2,,0.029319957,0.021194316,0.092784682,0.08523144,0.035325532,0.963431123,0.773786578,1.946136997,1.904984895,0.902372201,
550,,2,,0.663686361,0.076609655,0.450280794,0.535815974,0.175525441,5.255104345,0.74311535,4.007785103,4.89805102,1.541856012, BMP73_550 BMP74_550 BMP75_550 BMP76_550 BMP77_550 BMP78_550 BMP79_550 BMP80_550
551,,2,,0.603342119,0.062640313,0.457426062,0.5249426,0.170254315,2.273729191,0.344313619,2.471427285,5.764602478,0.869553555,
552,,2,,0.534196581,0.066937999,0.392344814,0.460606626,0.158972856,2.226392435,0.340308163,1.852220109,3.454150499,0.661762895,
553,,2,,0.03894011,0.017596283,0.172637041,0.178050548,0.210874582,0.290193878,0.110750351,1.16079722,1.400798026,1.183146314, BMP35_553 BMP36_553 BMP37_553 BMP38_553
554,,2,,0.273963404,0.206407184,0.663162003,0.645073742,0.377913908,5.734680123,4.030431839,8.093040118,7.885853741,5.858549051,
555,,2,,2.891507764,1.411994749,3.950182495,4.872875642,2.664869896,34.81292103,17.84695856,40.23571881,54.14904527,29.92114219,
